iter,t,argmax_state,max_prob
,0,1,0.5097773
,1,0,0.97588074
,2,0,0.97704226
,3,0,0.976954
,4,0,0.9764417
,5,1,0.9390894
,6,0,0.9612185
,7,1,0.9077645
,8,0,0.9701431
,9,1,0.9543142
,10,1,0.92184347
,11,0,0.9641176
,12,1,0.75900406
,13,0,0.9641361
,14,1,0.93803287
,15,0,0.9491948
,16,1,0.9478642
,17,1,0.9203053
,18,0,0.9739467
,19,0,0.9766041
,20,1,0.9116082
,21,0,0.9576997
,22,0,0.9598148
,23,1,0.7560613
,24,0,0.96771413
,25,1,0.9541645
,26,1,0.92083883
,27,0,0.9732292
,28,0,0.9770215
,29,0,0.9768433
,30,0,0.97702396
,31,0,0.97695386
,32,0,0.9769549
,33,0,0.97693133
,34,0,0.9714349
,35,0,0.95736873
,36,1,0.9088041
,37,0,0.97324556
,38,0,0.9769126
,39,0,0.9770229
,40,0,0.9768434
,41,0,0.977021
,42,0,0.97683626
,43,0,0.9768778
,44,0,0.97120315
,45,0,0.9415269
,46,1,0.86535484
,47,0,0.97567344
,48,0,0.9716956
,49,0,0.957393
,50,1,0.9084793
,51,0,0.9733913
,52,0,0.97694165
,53,0,0.976947
,54,0,0.9764346
,55,0,0.9632955
,56,0,0.95392764
,57,1,0.9536768
,58,1,0.92262226
,59,0,0.9519236
,60,1,0.95087934
,61,1,0.9198054
,62,1,0.91997343
,63,0,0.973551
,64,0,0.97682804
,65,0,0.9770213
,66,0,0.9768434
,67,0,0.97702104
,68,0,0.97683907
,69,0,0.9767307
,70,1,0.9085268
,71,0,0.97389734
,72,0,0.9765401
,73,0,0.9631763
,74,0,0.9594152
,75,1,0.90849805
,76,0,0.9732476
,77,0,0.9768857
,78,0,0.9715138
,79,0,0.96121657
,80,0,0.98904663
,81,0,0.9593799
,82,1,0.91095036
,83,0,0.95900804
,84,1,0.96515703
,85,1,0.94730085
,86,1,0.92023164
,87,0,0.9733616
,88,0,0.9632993
,89,0,0.9594515
,90,1,0.90751535
,91,0,0.9677805
,92,0,0.95738435
,93,1,0.9111607
,94,0,0.9641686
,95,1,0.9086922
,96,0,0.9733673
,97,0,0.97641826
,98,0,0.96328455
,99,0,0.95262367
,100,1,0.90469086
,101,1,0.9473463
,102,1,0.92217124
,103,1,0.83601075
,104,1,0.91820306
,105,0,0.9579519
,106,0,0.94679445
,107,1,0.95139265
,108,1,0.9184975
,109,0,0.9739625
,110,0,0.9770152
,111,1,0.87547696
,112,1,0.9212488
,113,0,0.9641548
,114,1,0.9076638
,115,0,0.9738678
,116,0,0.97651297
,117,0,0.9632913
,118,0,0.9594203
,119,1,0.90845835
,120,0,0.9733892
,121,0,0.976637
,122,1,0.90882075
,123,0,0.9738982
,124,0,0.97681874
,125,0,0.97677344
,126,1,0.97081345
,127,0,0.9735957
,128,0,0.97678435
,129,0,0.96884817
,130,1,0.95197827
,131,1,0.9718329
,132,0,0.9592055
,133,1,0.98742235
,134,1,0.948176
,135,1,0.9786954
,136,1,0.92349666
,137,0,0.9641478
,138,1,0.9083529
,139,0,0.9733646
,140,0,0.97140443
,141,0,0.95159173
,142,1,0.9552104
,143,1,0.95545614
,144,1,0.94690335
,145,1,0.9708224
,146,0,0.9728295
,147,1,0.90890115
,148,0,0.9737682
,149,0,0.9770333
,150,0,0.9769312
,151,0,0.971433
,152,0,0.95738125
,153,1,0.9089811
,154,1,0.92161024
,155,0,0.97318393
,156,1,0.90935194
,157,0,0.9730883
,158,0,0.9631484
,159,0,0.95940685
,160,1,0.9111292
,161,0,0.9641957
,162,1,0.907287
,163,0,0.97401994
,164,0,0.9766423
,165,1,0.9088373
,166,0,0.9735507
,167,1,0.90886855
,168,0,0.97355103
,169,1,0.90886784
,170,0,0.9735645
,171,1,0.90853393
,172,0,0.9739021
,173,0,0.97663176
,174,1,0.9099596
,175,1,0.9204727
,176,0,0.9738561
,177,0,0.9769382
,178,0,0.97695976
,179,0,0.9769514
,180,0,0.97664726
,181,1,0.90882766
,182,0,0.97390133
,183,0,0.9768237
,184,0,0.9770241
,185,0,0.9769541
,186,0,0.9769588
,187,0,0.97695965
,188,0,0.9769535
,189,0,0.97694975
,190,0,0.97684443
,191,0,0.97702384
,192,0,0.97694033
,193,0,0.97643185
,194,0,0.9631542
,195,0,0.94576013
,196,1,0.9513922
,197,1,0.91852707
,198,0,0.97397035
,199,0,0.976927
,200,0,0.9768399
,201,0,0.9767234
,202,1,0.9088256
,203,0,0.9738981
,204,0,0.9768169
,205,0,0.97690636
,206,0,0.9769065
,207,0,0.97662866
,208,0,0.97589386
,209,1,0.9092773
,210,0,0.97341317
,211,0,0.97690654
,212,0,0.97690797
,213,0,0.97691035
,214,0,0.97691804
,215,0,0.9765159
,216,1,0.9102785
,217,1,0.78017074
,218,0,0.9740559
,219,0,0.9770241
,220,0,0.97666
,221,1,0.908563
,222,0,0.97356033
,223,1,0.90939766
,224,0,0.9580745
,225,0,0.9600055
,226,1,0.90907615
,227,1,0.92337877
,228,0,0.9575568
,229,0,0.95978826
,230,1,0.90919083
,231,1,0.9198213
,232,0,0.97341174
,233,0,0.9769074
,234,0,0.97690815
,235,0,0.9769142
,236,0,0.9770252
,237,0,0.9769538
,238,0,0.97695196
,239,0,0.97683775
,240,0,0.9769064
,241,0,0.97691417
,242,0,0.97702235
,243,0,0.9768434
,244,0,0.97702396
,245,0,0.9769541
,246,0,0.97695875
,247,0,0.97695285
,248,0,0.976768
,249,0,0.97642326
,250,1,0.9095808
,251,0,0.97340274
,252,0,0.976504
,253,0,0.963287
,254,0,0.95969546
,255,0,0.97015065
,256,0,0.9660092
,257,0,0.9788953
,258,0,0.97660565
,259,0,0.9770211
,260,0,0.97683686
,261,0,0.976913
,262,0,0.9770252
,263,0,0.97695214
,264,0,0.9766515
,265,1,0.90928835
,266,0,0.9735624
,267,0,0.97682786
,268,0,0.97700053
,269,0,0.971433
,270,0,0.95726705
,271,1,0.7604471
,272,0,0.95822096
,273,0,0.95970637
,274,1,0.751697
,275,0,0.97446305
,276,0,0.977032
,277,0,0.9766496
,278,1,0.91054964
,279,1,0.9783201
,280,1,0.9568414
,281,1,0.94718724
,282,1,0.9184923
,283,0,0.97384506
,284,0,0.9769031
,285,0,0.9765061
,286,0,0.9632908
,287,0,0.95943886
,288,1,0.9074085
,289,0,0.9735166
,290,0,0.9631247
,291,0,0.9594424
,292,1,0.910959
,293,1,0.9421022
,294,1,0.94456965
,295,0,0.9621587
,296,0,0.97847944
,297,1,0.9184982
,298,0,0.9630377
,299,1,0.90931755
,300,1,0.9299331
,301,0,0.96301156
,302,1,0.9083913
,303,0,0.9730477
,304,1,0.9086538
,305,0,0.967616
,306,0,0.95674837
,307,1,0.9382288
,308,0,0.9608056
,309,1,0.9379191
,310,0,0.95542103
,311,1,0.87228096
,312,1,0.77799284
,313,0,0.9740904
,314,1,0.9193
,315,0,0.96278435
,316,1,0.9320764
,317,1,0.9605025
,318,1,0.94695103
,319,1,0.9210636
,320,0,0.9729998
,321,1,0.9097317
,322,0,0.96720165
,323,0,0.9567566
,324,1,0.9380464
,325,0,0.95579404
,326,1,0.9656672
,327,1,0.96367246
,328,0,0.9545599
,329,1,0.940514
,330,1,0.9214008
,331,1,0.91934705
,332,0,0.9734823
,333,1,0.9189635
,334,0,0.9630225
,335,1,0.9107754
,336,0,0.9641701
,337,1,0.91076034
,338,0,0.96419007
,339,1,0.9076654
,340,0,0.97387964
,341,0,0.9769223
,342,0,0.97702587
,343,0,0.97695404
,344,0,0.97695875
,345,0,0.97695583
,346,0,0.9769502
,347,0,0.9768087
,348,0,0.9764702
,349,1,0.9102169
,350,1,0.92049235
,351,0,0.9735013
,352,1,0.9088729
,353,0,0.9738973
,354,0,0.97682816
,355,0,0.9767134
,356,1,0.90959466
,357,0,0.973421
,358,0,0.9769068
,359,0,0.9769146
,360,0,0.97702545
,361,0,0.9769576
,362,0,0.97695583
,363,0,0.9769526
,364,0,0.97695196
,365,0,0.97683775
,366,0,0.97690624
,367,0,0.9769077
,368,0,0.9769142
,369,0,0.9770235
,370,0,0.97665036
,371,1,0.90928704
,372,0,0.97357017
,373,0,0.97693676
,374,0,0.9768418
,375,0,0.9770239
,376,0,0.9769511
,377,0,0.9768418
,378,0,0.9770162
,379,0,0.9769313
,380,0,0.97143626
,381,0,0.95738834
,382,1,0.75244814
,383,0,0.9745947
,384,0,0.97693187
,385,0,0.976955
,386,0,0.9769484
,387,0,0.97581506
,388,0,0.9737295
,389,0,0.96377754
,390,0,0.95943195
,391,1,0.9087445
,392,0,0.9733853
,393,0,0.9768206
,394,0,0.97690636
,395,0,0.97690743
,396,0,0.9769077
,397,0,0.9769142
,398,0,0.9770236
,399,0,0.9766531
,400,1,0.9088358
,401,0,0.973759
,402,0,0.9767788
,403,1,0.9708113
,404,0,0.9733892
,405,1,0.9092975
,406,0,0.973427
,407,0,0.9767309
,408,1,0.90855014
,409,0,0.9739007
,410,0,0.9768237
,411,0,0.9770214
,412,0,0.97684336
,413,0,0.9770211
,414,0,0.976839
,415,0,0.97673035
,416,1,0.9085663
,417,0,0.9737671
,418,0,0.9770269
,419,0,0.9768431
,420,0,0.97702396
,421,0,0.97695386
,422,0,0.976955
,423,0,0.9769531
,424,0,0.9766497
,425,1,0.90881884
,426,0,0.97390145
,427,0,0.9768236
,428,0,0.9770241
,429,0,0.97695386
,430,0,0.9769521
,431,0,0.9768445
,432,0,0.977021
,433,0,0.9768369
,434,0,0.976913
,435,0,0.97702515
,436,0,0.97695386
,437,0,0.97695494
,438,0,0.97695494
,439,0,0.97695214
,440,0,0.9768447
,441,0,0.9770277
,442,0,0.9769533
,443,0,0.9766588
,444,1,0.9085625
,445,0,0.9735553
,446,1,0.90887845
,447,0,0.9737641
,448,0,0.9770334
,449,0,0.9769532
,450,0,0.9766521
,451,1,0.9087967
,452,0,0.9738965
,453,0,0.97674876
,454,0,0.96318436
,455,0,0.95873773
,456,1,0.9382213
,457,0,0.95579576
,458,1,0.96553075
,459,1,0.9601902
,460,1,0.94705176
,461,1,0.9214709
,462,0,0.9593328
,463,1,0.95517164
,464,1,0.9550748
,465,1,0.98544675
,466,1,0.959439
,467,1,0.94672817
,468,1,0.92317855
,469,1,0.9416193
,470,1,0.91873384
,471,0,0.97394013
,472,0,0.971102
,473,0,0.94298834
,474,1,0.9523608
,475,1,0.9423169
,476,1,0.9422317
,477,1,0.94199514
,478,1,0.94585645
,479,0,0.9615405
,480,1,0.9088661
,481,0,0.9905453
,482,0,0.96014684
,483,1,0.75607437
,484,0,0.9725609
,485,1,0.51207936
,486,1,0.98900986
,487,1,0.9790007
,488,1,0.9188572
,489,0,0.9739958
,490,0,0.9767368
,491,0,0.9630585
,492,0,0.94568217
,493,1,0.9512475
,494,1,0.9705035
,495,0,0.9734616
,496,1,0.9085642
,497,0,0.9732746
,498,0,0.9629318
,499,0,0.944252
,500,1,0.89976186
,501,1,0.9469413
,502,1,0.97201514
,503,0,0.963999
,504,1,0.9083903
,505,0,0.97325665
,506,0,0.977021
,507,0,0.9768433
,508,0,0.9770239
,509,0,0.97695345
,510,0,0.9769391
,511,0,0.9764358
,512,0,0.96315354
,513,0,0.9456155
,514,1,0.9630421
,515,1,0.99315214
,516,1,0.97872794
,517,1,0.9215137
,518,0,0.9728796
,519,0,0.9626541
,520,0,0.9349863
,521,0,0.93987167
,522,0,0.950764
,523,1,0.98232555
,524,1,0.97894317
,525,1,0.9786458
,526,1,0.97210985
,527,0,0.9591597
,528,1,0.9534748
,529,1,0.97051466
,530,0,0.9736649
,531,0,0.9770262
,532,0,0.97549534
,533,0,0.97259897
,534,1,0.909186
,535,0,0.97304
,536,0,0.9631479
,537,0,0.9594067
,538,1,0.9111415
,539,0,0.96393883
,540,1,0.9319764
,541,1,0.9523915
,542,1,0.9435247
,543,0,0.97205734
,544,1,0.7730026
,545,1,0.94772166
,546,1,0.92028105
,547,0,0.95826775
,548,0,0.9544
,549,1,0.9530536
,550,0,0.96070576
,551,0,0.9468646
,552,1,0.96283317
,553,1,0.98552173
,554,1,0.94788975
,555,1,0.9407216
,556,1,0.97120917
,557,0,0.9576343
,558,0,0.9468171
,559,1,0.9513733
,560,1,0.91858846
,561,0,0.967376
,562,0,0.94300205
,563,1,0.95314705
,564,1,0.9593339
,565,0,0.9646889
,566,1,0.96628374
,567,0,0.97347057
,568,1,0.9712822
,569,1,0.7816532
,570,0,0.974054
,571,0,0.9770258
,572,0,0.9769508
,573,0,0.97683764
,574,0,0.97685814
,575,0,0.9765616
,576,1,0.75178915
,577,0,0.9702073
,578,0,0.9650198
,579,1,0.9109738
,580,0,0.95742023
,581,0,0.9597803
,582,1,0.9077985
,583,0,0.9677689
,584,0,0.95677114
,585,1,0.9380285
,586,0,0.9613844
,587,1,0.90928733
,588,1,0.9191763
,589,0,0.9736219
,590,0,0.9631667
,591,0,0.9593778
,592,1,0.90770316
,593,0,0.9649221
,594,1,0.9858802
,595,1,0.9441706
,596,1,0.9553535
,597,1,0.9482037
,598,1,0.94294685
,599,1,0.95534694
,600,1,0.9470035
,601,1,0.9184371
,602,0,0.97396654
,603,0,0.9714052
,604,0,0.95738083
,605,1,0.9090429
,606,1,0.92363524
,607,1,0.9455793
,608,0,0.9613696
,609,1,0.91089135
,610,1,0.94649965
,611,0,0.9613861
,612,1,0.90768296
,613,0,0.9740312
,614,0,0.9769276
,615,0,0.9768287
,616,0,0.9766188
,617,0,0.9631785
,618,0,0.9594168
,619,1,0.90857357
,620,0,0.96700203
,621,0,0.9574131
,622,1,0.90745217
,623,0,0.97388184
,624,0,0.97691584
,625,0,0.9769145
,626,0,0.9770215
,627,0,0.97684354
,628,0,0.977021
,629,0,0.9768366
,630,0,0.9769064
,631,0,0.97691417
,632,0,0.9770252
,633,0,0.97695374
,634,0,0.97693133
,635,0,0.97143626
,636,0,0.95750576
,637,1,0.9668618
,638,0,0.9730322
,639,0,0.9769041
,640,0,0.97690815
,641,0,0.97690743
,642,0,0.97690743
,643,0,0.97690755
,644,0,0.9769092
,645,0,0.97671396
,646,1,0.90966344
,647,0,0.9729465
,648,0,0.9632831
,649,0,0.9594086
,650,1,0.91113985
,651,0,0.9641659
,652,1,0.9107616
,653,0,0.9642762
,654,1,0.9665632
,655,0,0.973814
,656,0,0.9768183
,657,0,0.9770211
,658,0,0.9768369
,659,0,0.976913
,660,0,0.97702223
,661,0,0.97683674
,662,0,0.97690797
,663,0,0.9767141
,664,1,0.9096366
,665,0,0.9731339
,666,0,0.96893525
,667,1,0.95213443
,668,1,0.92182213
,669,0,0.9642535
,670,1,0.9665629
,671,0,0.97345173
,672,1,0.90968883
,673,0,0.9734212
,674,0,0.9769133
,675,0,0.9770258
,676,0,0.97695774
,677,0,0.9769596
,678,0,0.9769535
,679,0,0.97695106
,680,0,0.97665423
,681,1,0.90882635
,682,0,0.9736269
,683,1,0.9707165
,684,0,0.9735989
,685,0,0.97692055
,686,0,0.9770231
,687,0,0.9768434
,688,0,0.97702396
,689,0,0.9769538
,690,0,0.9769519
,691,0,0.97681767
,692,0,0.97150606
,693,0,0.9563402
,694,1,0.83581
,695,0,0.9614989
,696,1,0.9077314
,697,0,0.97400403
,698,0,0.97140485
,699,0,0.95739824
,700,1,0.9075376
,701,0,0.96778065
,702,0,0.9573559
,703,1,0.7550952
,704,0,0.9738125
,705,0,0.9770239
,706,0,0.97695374
,707,0,0.9769538
,708,0,0.97695076
,709,0,0.97684467
,710,0,0.97702104
,711,0,0.97683907
,712,0,0.9767307
,713,1,0.90852726
,714,0,0.9738997
,715,0,0.976941
,716,0,0.9768448
,717,0,0.977024
,718,0,0.9769538
,719,0,0.97695243
,720,0,0.9766053
,721,1,0.9145526
,722,1,0.50978243
,723,0,0.9757471
,724,0,0.9947032
,725,0,0.976931
,726,0,0.9767226
,727,1,0.91000843
,728,1,0.92112494
,729,0,0.9733973
,730,0,0.9769093
,731,0,0.97672313
,732,1,0.91000646
,733,1,0.92109174
,734,0,0.9735366
,735,0,0.97682124
,736,0,0.9769131
,737,0,0.9770223
,738,0,0.97684336
,739,0,0.9770211
,740,0,0.97684366
,741,0,0.97702783
,742,0,0.9769585
,743,0,0.9769505
,744,0,0.97683567
,745,0,0.97691315
,746,0,0.97702897
,747,0,0.97695476
,748,0,0.9769497
,749,0,0.97683984
,750,0,0.97672033
,751,1,0.90932316
,752,0,0.97342324
,753,0,0.9769066
,754,0,0.97690785
,755,0,0.9769075
,756,0,0.9769077
,757,0,0.97691417
,758,0,0.97702223
,759,0,0.97683686
,760,0,0.976913
,761,0,0.9770254
,762,0,0.9769576
,763,0,0.97695297
,764,0,0.97684216
,765,0,0.9770239
,766,0,0.97695386
,767,0,0.9769521
,768,0,0.9768445
,769,0,0.97702396
,770,0,0.976951
,771,0,0.9768441
,772,0,0.9769069
,773,0,0.9688685
,774,1,0.951446
,775,0,0.975277
,776,1,0.9333811
,777,1,0.9474658
,778,0,0.97557074
,779,1,0.909754
,780,0,0.9737545
,781,0,0.97691846
,782,0,0.9770228
,783,0,0.97683686
,784,0,0.976913
,785,0,0.97702515
,786,0,0.9769539
,787,0,0.9769531
,788,0,0.97664964
,789,1,0.9088339
,790,0,0.97375995
,791,0,0.97691196
,792,0,0.97691476
,793,0,0.97702223
,794,0,0.97683686
,795,0,0.976913
,796,0,0.97702515
,797,0,0.97695386
,798,0,0.97695494
,799,0,0.97695494
,800,0,0.97695494
,801,0,0.97695494
,802,0,0.976952
,803,0,0.976838
,804,0,0.976913
,805,0,0.9770234
,806,0,0.97665036
,807,1,0.90928835
,808,0,0.9735656
,809,0,0.9769356
,810,0,0.9768446
,811,0,0.977021
,812,0,0.9768367
,813,0,0.9769062
,814,0,0.97690743
,815,0,0.97690743
,816,0,0.97690743
,817,0,0.97690743
,818,0,0.97690743
,819,0,0.97690743
,820,0,0.9769077
,821,0,0.9769144
,822,0,0.97702897
,823,0,0.9769519
,824,0,0.97684216
,825,0,0.9770239
,826,0,0.97695094
,827,0,0.976838
,828,0,0.976913
,829,0,0.97702515
,830,0,0.97695386
,831,0,0.9769521
,832,0,0.97684467
,833,0,0.9770277
,834,0,0.9769548
,835,0,0.9769526
,836,0,0.9769521
,837,0,0.9768445
,838,0,0.97702396
,839,0,0.976951
,840,0,0.97684014
,841,0,0.97673035
,842,1,0.9085515
,843,0,0.97390145
,844,0,0.97667575
,845,1,0.9710137
,846,0,0.97289294
,847,1,0.9085692
,848,0,0.97375923
,849,0,0.97691846
,850,0,0.97702575
,851,0,0.97695404
,852,0,0.97695863
,853,0,0.9769323
,854,0,0.9714378
,855,0,0.957947
,856,0,0.9787648
,857,0,0.9771875
,858,0,0.9769456
,859,0,0.97695494
,860,0,0.97695196
,861,0,0.97681797
,862,0,0.9715199
,863,0,0.957364
,864,1,0.9097553
,865,1,0.981146
,866,1,0.9479513
,867,1,0.92054296
,868,0,0.97336674
,869,0,0.97693765
,870,0,0.9769516
,871,0,0.9766497
,872,1,0.90998435
,873,1,0.9205043
,874,1,0.97459227
,875,0,0.9735885
,876,0,0.977029
,877,0,0.9768435
,878,0,0.977021
,879,0,0.9768368
,880,0,0.97690034
,881,0,0.9946866
,882,0,0.9770481
,883,0,0.9769542
,884,0,0.97695875
,885,0,0.9769539
,886,0,0.9766412
,887,1,0.9102497
,888,1,0.92074764
,889,1,0.9197329
,890,0,0.97309667
,891,1,0.93875974
,892,0,0.9611958
,893,1,0.90801036
,894,0,0.9738927
,895,0,0.9767313
,896,1,0.9088275
,897,0,0.9738981
,898,0,0.9768171
,899,0,0.9769131
,900,0,0.97702515
,901,0,0.97695386
,902,0,0.97695196
,903,0,0.97681814
,904,0,0.97152525
,905,0,0.9579561
,906,0,0.9787582
,907,0,0.9770692
,908,0,0.9770232
,909,0,0.97643477
,910,0,0.96328926
,911,0,0.9595537
,912,1,0.9664779
,913,0,0.97367436
,914,0,0.97703356
,915,0,0.9769504
,916,0,0.9768306
,917,0,0.9763746
,918,1,0.938793
,919,0,0.9614229
,920,1,0.9879383
,921,0,0.97310096
,922,0,0.976913
,923,0,0.9714277
,924,0,0.95223737
,925,1,0.99392277
,926,1,0.9895219
,927,1,0.9208364
,928,0,0.9735508
,929,0,0.9766347
,930,1,0.9099668
,931,1,0.9195178
,932,0,0.97349685
,933,1,0.90889865
,934,0,0.9738954
,935,0,0.9766861
,936,0,0.96884835
,937,1,0.9521753
,938,1,0.78402257
,939,0,0.9737252
,940,0,0.9767655
,941,0,0.96883047
,942,1,0.9568172
,943,0,0.9658302
,944,1,0.9095926
,945,0,0.97303206
,946,1,0.9093124
,947,0,0.9732106
,948,1,0.90897703
,949,0,0.9676331
,950,0,0.9575452
,951,1,0.96648496
,952,0,0.9736661
,953,0,0.9769157
,954,0,0.97691494
,955,0,0.9770235
,956,0,0.9766501
,957,1,0.9093145
,958,0,0.9732684
,959,1,0.9708289
,960,0,0.9733619
,961,1,0.9110213
,962,1,0.9386048
,963,0,0.9652007
,964,1,0.9678373
,965,0,0.9735104
,966,1,0.9709034
,967,0,0.97323817
,968,0,0.97682655
,969,0,0.97702116
,970,0,0.9768368
,971,0,0.97690827
,972,0,0.97672457
,973,1,0.90883285
,974,0,0.973537
,975,1,0.91113645
,976,1,0.94512767
,977,0,0.9614743
,978,1,0.9076501
,979,0,0.97401994
,980,0,0.9767533
,981,1,0.99678975
,982,1,0.9214764
,983,1,0.920515
,984,0,0.973848
,985,0,0.9768326
,986,0,0.97702426
,987,0,0.97695106
,988,0,0.97684455
,989,0,0.9770223
,990,0,0.9766512
,991,1,0.9097658
,992,1,0.97425205
,993,0,0.97358274
,994,0,0.9770289
,995,0,0.976837
,996,0,0.976913
,997,0,0.9770252
,998,0,0.97695255
,999,0,0.97671103
,1000,1,0.97092336
,1001,0,0.97288406
,1002,1,0.9100099
,1003,1,0.92115104
,1004,0,0.9695874
,1005,1,0.95430917
,1006,1,0.92071706
,1007,0,0.97322416
,1008,0,0.9767206
,1009,1,0.9093215
,1010,0,0.97342324
,1011,0,0.9769068
,1012,0,0.9769146
,1013,0,0.97702235
,1014,0,0.9768434
,1015,0,0.97702396
,1016,0,0.9769539
,1017,0,0.9769522
,1018,0,0.9768445
,1019,0,0.97702396
,1020,0,0.9769538
,1021,0,0.9769521
,1022,0,0.9768445
,1023,0,0.977024
,1024,0,0.9769523
,1025,0,0.97665423
,1026,1,0.90882885
,1027,0,0.9735493
,1028,1,0.909305
,1029,0,0.9734137
,1030,0,0.97360104
,1031,1,0.9541519
,1032,1,0.97099537
,1033,0,0.97364753
,1034,0,0.9767227
,1035,1,0.9095971
,1036,0,0.9734091
,1037,0,0.9946848
,1038,0,0.9769351
,1039,0,0.9767706
,1040,1,0.97081006
,1041,0,0.97340447
,1042,1,0.9085274
,1043,0,0.9739
,1044,0,0.9768169
,1045,0,0.97690636
,1046,0,0.9769077
,1047,0,0.97691417
,1048,0,0.9770223
,1049,0,0.976839
,1050,0,0.97673035
,1051,1,0.90855175
,1052,0,0.9739038
,1053,0,0.97693425
,1054,0,0.9769551
,1055,0,0.9769529
,1056,0,0.97664964
,1057,1,0.9088281
,1058,0,0.97390115
,1059,0,0.97681695
,1060,0,0.97690636
,1061,0,0.976907
,1062,0,0.9768945
,1063,0,0.9765054
,1064,0,0.9632891
,1065,0,0.9594296
,1066,1,0.90771776
,1067,0,0.97388744
,1068,0,0.9770316
,1069,0,0.9766433
,1070,1,0.90955
,1071,0,0.97356796
,1072,0,0.97693986
,1073,0,0.97695607
,1074,0,0.9769542
,1075,0,0.97665876
,1076,1,0.9085712
,1077,0,0.9737591
,1078,0,0.97691196
,1079,0,0.9769148
,1080,0,0.97702426
,1081,0,0.976761
,1082,1,0.9904585
,1083,0,0.97370803
,1084,0,0.97692776
,1085,0,0.9766991
,1086,1,0.97115815
,1087,1,0.9749062
,1088,0,0.97373235
,1089,0,0.9769293
,1090,0,0.97684175
,1091,0,0.977021
,1092,0,0.9768366
,1093,0,0.97690624
,1094,0,0.9769077
,1095,0,0.9769142
,1096,0,0.9770235
,1097,0,0.97665
,1098,1,0.9093261
,1099,0,0.9734312
,1100,0,0.97702265
,1101,0,0.9766428
,1102,1,0.909589
,1103,0,0.97342896
,1104,0,0.9770245
,1105,0,0.97695106
,1106,0,0.9768447
,1107,0,0.97702783
,1108,0,0.9769586
,1109,0,0.97695726
,1110,0,0.97695374
,1111,0,0.9769564
,1112,0,0.9769529
,1113,0,0.97683764
,1114,0,0.97672117
,1115,1,0.90994006
,1116,1,0.91950303
,1117,0,0.9738628
,1118,0,0.9766308
,1119,1,0.90928775
,1120,0,0.9735624
,1121,0,0.976828
,1122,0,0.9770221
,1123,0,0.97674006
,1124,1,0.99048805
,1125,0,0.9737063
,1126,0,0.97681874
,1127,0,0.97701865
,1128,0,0.9764392
,1129,1,0.9802791
,1130,0,0.9612875
,1131,1,0.9084428
,1132,0,0.973249
,1133,0,0.97690856
,1134,0,0.9767819
,1135,1,0.97091424
,1136,0,0.9732372
,1137,0,0.97682196
,1138,0,0.97672045
,1139,1,0.90932316
,1140,0,0.97342324
,1141,0,0.97690654
,1142,0,0.97690785
,1143,0,0.97690755
,1144,0,0.9769097
,1145,0,0.9767227
,1146,1,0.9100065
,1147,1,0.92109156
,1148,0,0.97353774
,1149,0,0.9767213
,1150,1,0.9905662
,1151,0,0.97311723
,1152,0,0.97662747
,1153,1,0.90976566
,1154,1,0.9971863
,1155,0,0.969079
,1156,1,0.954001
,1157,1,0.99614936
,1158,0,0.97334355
,1159,1,0.9089338
,1160,0,0.9737632
,1161,0,0.9768291
,1162,1,0.9905395
,1163,0,0.972984
,1164,0,0.97702384
,1165,0,0.9769509
,1166,0,0.9768398
,1167,0,0.9767229
,1168,1,0.90891033
,1169,0,0.9732883
,1170,0,0.96329296
,1171,0,0.9594357
,1172,1,0.90890723
,1173,1,0.92097163
,1174,0,0.97385865
,1175,0,0.97693914
,1176,0,0.97695017
,1177,0,0.97683555
,1178,0,0.97690856
,1179,0,0.97673154
,1180,1,0.9085667
,1181,0,0.97375935
,1182,0,0.9769187
,1183,0,0.9770296
,1184,0,0.97695863
,1185,0,0.97695726
,1186,0,0.97695076
,1187,0,0.97684145
,1188,0,0.97682995
,1189,0,0.9631973
,1190,0,0.95934415
,1191,1,0.75171494
,1192,0,0.9744552
,1193,0,0.97691596
,1194,0,0.9769081
,1195,0,0.9769075
,1196,0,0.97690856
,1197,0,0.97686857
,1198,0,0.9765129
,1199,1,0.9707547
,1200,0,0.97360396
,1201,0,0.97672826
,1202,1,0.9093082
,1203,0,0.9732124
,1204,1,0.90931094
,1205,0,0.973212
,1206,1,0.90939313
,1207,0,0.97294086
,1208,0,0.9629189
,1209,0,0.94435304
,1210,1,0.8658589
,1211,1,0.91744745
,1212,0,0.9736458
,1213,1,0.909976
,1214,1,0.9211221
,1215,0,0.9733974
,1216,0,0.97690916
,1217,0,0.976722
,1218,1,0.90932167
,1219,0,0.9734312
,1220,0,0.97702163
,1221,0,0.9768387
,1222,0,0.9767201
,1223,1,0.9093999
,1224,0,0.96721864
,1225,0,0.9575213
,1226,1,0.96685636
,1227,0,0.97281915
,1228,1,0.9093131
,1229,0,0.9732111
,1230,1,0.9101789
,1231,1,0.9197954
,1232,0,0.97386956
,1233,0,0.97693634
,1234,0,0.97695196
,1235,0,0.976818
,1236,0,0.97152036
,1237,0,0.9574004
,1238,1,0.90744793
,1239,0,0.9740275
,1240,0,0.97662663
,1241,1,0.9100021
,1242,1,0.92169285
,1243,1,0.91975784
,1244,0,0.96756536
,1245,0,0.9573944
,1246,1,0.9092131
,1247,1,0.9209914
,1248,0,0.9737172
,1249,0,0.9770337
,1250,0,0.9769585
,1251,0,0.9769399
,1252,0,0.97351784
,1253,1,0.954303
,1254,1,0.918877
,1255,0,0.97398376
,1256,0,0.97641784
,1257,1,0.9390915
,1258,0,0.9613197
,1259,1,0.96655923
,1260,0,0.9738143
,1261,0,0.97694504
,1262,0,0.97683686
,1263,0,0.9767203
,1264,1,0.9093226
,1265,0,0.9734253
,1266,0,0.9767137
,1267,1,0.90957916
,1268,0,0.97320646
,1269,1,0.7531048
,1270,1,0.91883844
,1271,0,0.9731847
,1272,1,0.9093205
,1273,0,0.9734262
,1274,0,0.9767209
,1275,1,0.9093091
,1276,0,0.97321224
,1277,1,0.90932333
,1278,0,0.9734238
,1279,0,0.9769066
,1280,0,0.97690785
,1281,0,0.9769075
,1282,0,0.9769077
,1283,0,0.97691387
,1284,0,0.9769348
,1285,0,0.9710945
,1286,0,0.9695268
,1287,1,0.96874684
,1288,0,0.9737775
,1289,0,0.9769452
,1290,0,0.9766425
,1291,1,0.90996826
,1292,1,0.9745623
,1293,0,0.9737198
,1294,0,0.97682714
,1295,0,0.9768941
,1296,0,0.9768317
,1297,0,0.994419
,1298,1,0.5120695
,1299,1,0.9155299
,1300,0,0.97331923
,1301,0,0.97690594
,1302,0,0.9769081
,1303,0,0.9769142
,1304,0,0.97702444
,1305,0,0.97675925
,1306,0,0.96319896
,1307,0,0.9593462
,1308,1,0.91091806
,1309,0,0.9593624
,1310,1,0.9536158
,1311,1,0.9216066
,1312,1,0.9217088
,1313,0,0.9733209
,1314,1,0.9995857
,1315,0,0.966588
,1316,0,0.9573929
,1317,1,0.90859324
,1318,0,0.9670007
,1319,0,0.95739186
,1320,1,0.90810156
,1321,0,0.9735715
,1322,1,0.90927464
,1323,0,0.972974
,1324,1,0.939135
,1325,0,0.9559881
,1326,1,0.95363915
,1327,1,0.9212299
,1328,0,0.9573052
,1329,0,0.9543702
,1330,1,0.9545503
,1331,0,0.9672708
,1332,0,0.97899747
,1333,0,0.97706246
,1334,0,0.9770322
,1335,0,0.97695357
,1336,0,0.97695494
,1337,0,0.97695494
,1338,0,0.9769521
,1339,0,0.9768445
,1340,0,0.97702396
,1341,0,0.976951
,1342,0,0.9768445
,1343,0,0.9770232
,1344,0,0.9767593
,1345,0,0.963199
,1346,0,0.95937914
,1347,1,0.9074268
,1348,0,0.97402775
,1349,0,0.97659415
,1350,1,0.9189863
,1351,0,0.9629145
,1352,1,0.97750705
,1353,0,0.9613463
,1354,1,0.90772396
,1355,0,0.973529
,1356,1,0.9189145
,1357,0,0.958073
,1358,1,0.9536395
,1359,1,0.9233138
,1360,0,0.9561143
,1361,0,0.96071273
,1362,1,0.90796554
,1363,0,0.97325814
,1364,0,0.9769059
,1365,0,0.9769
,1366,0,0.9766772
,1367,0,0.99283904
,1368,1,0.95259804
,1369,1,0.94464993
,1370,0,0.96160376
,1371,1,0.91046655
,1372,0,0.9573305
,1373,0,0.95977825
,1374,1,0.9085475
,1375,0,0.9728549
,1376,0,0.96614224
,1377,0,0.9633265
,1378,0,0.9784429
,1379,0,0.9771573
,1380,0,0.9768382
,1381,0,0.9770213
,1382,0,0.9768434
,1383,0,0.9770219
,1384,0,0.97664255
,1385,1,0.90967536
,1386,0,0.96721494
,1387,0,0.957366
,1388,1,0.91205287
,1389,1,0.9559457
,1390,1,0.96002215
,1391,1,0.94688356
,1392,1,0.9194798
,1393,0,0.97275734
,1394,0,0.96327895
,1395,0,0.9588288
,1396,1,0.93802494
,1397,0,0.9608061
,1398,1,0.93790454
,1399,0,0.96107775
,1400,1,0.938338
,1401,0,0.9613722
,1402,1,0.9088431
,1403,0,0.9728605
,1404,1,0.90887487
,1405,0,0.973767
,1406,0,0.9770293
,1407,0,0.97693765
,1408,0,0.9764345
,1409,0,0.96328694
,1410,0,0.9592906
,1411,1,0.97757053
,1412,0,0.9385458
,1413,0,0.9529745
,1414,1,0.9408762
,1415,1,0.94400275
,1416,0,0.96173644
,1417,1,0.907324
,1418,0,0.97402954
,1419,0,0.9769298
,1420,0,0.976952
,1421,0,0.97681767
,1422,0,0.9715084
,1423,0,0.95674366
,1424,1,0.9381448
,1425,0,0.9479567
,1426,1,0.9514517
,1427,1,0.941975
,1428,1,0.9788892
,1429,1,0.9786702
,1430,1,0.97145987
,1431,0,0.9641243
,1432,1,0.9673954
,1433,0,0.964104
,1434,1,0.96655655
,1435,0,0.9733171
,1436,0,0.96315604
,1437,0,0.9595289
,1438,1,0.96771103
,1439,1,0.9469722
,1440,0,0.9598198
,1441,1,0.9158697
,1442,1,0.9191039
,1443,0,0.9738914
,1444,0,0.976929
,1445,0,0.9759688
,1446,0,0.97410196
,1447,1,0.9094974
,1448,0,0.969566
,1449,1,0.95877916
,1450,0,0.96589905
,1451,1,0.96796334
,1452,0,0.9430497
,1453,0,0.95250344
,1454,1,0.9418623
,1455,0,0.9539378
,1456,0,0.9591606
,1457,1,0.9553753
,1458,1,0.9476029
,1459,1,0.9441137
,1460,0,0.9565574
,1461,1,0.95358455
,1462,1,0.92030746
,1463,0,0.97397757
,1464,0,0.976927
,1465,0,0.97683966
,1466,0,0.97670645
,1467,1,0.9114892
,1468,1,0.9409105
,1469,1,0.9483878
,1470,1,0.9394335
,1471,1,0.9476087
,1472,1,0.9196628
,1473,0,0.973976
,1474,0,0.9768135
,1475,0,0.97651416
,1476,1,0.93908393
,1477,0,0.96117187
,1478,1,0.7591084
,1479,0,0.95919263
,1480,1,0.87239534
,1481,1,0.92014813
,1482,0,0.97336507
,1483,0,0.976743
,1484,0,0.96319956
,1485,0,0.9593792
,1486,1,0.9074271
,1487,0,0.97402966
,1488,0,0.97692686
,1489,0,0.97683793
,1490,0,0.976908
,1491,0,0.9767199
,1492,1,0.90886635
,1493,0,0.9732851
,1494,0,0.96329296
,1495,0,0.953566
,1496,1,0.9652389
,1497,1,0.9606476
,1498,1,0.8543722
,1499,1,0.9440976
,1500,0,0.94831914
,1501,1,0.9660291
,1502,0,0.96428436
,1503,1,0.90850216
,1504,1,0.92215514
,1505,1,0.9196771
,1506,0,0.97384936
,1507,0,0.9766766
,1508,1,0.7337371
,1509,0,0.95717543
,1510,1,0.9546095
,1511,1,0.94106114
,1512,1,0.92108667
,1513,0,0.96696925
,1514,0,0.9575225
,1515,1,0.9668476
,1516,0,0.97317576
,1517,0,0.97663414
,1518,1,0.9100039
,1519,1,0.9218242
,1520,1,0.9296342
,1521,0,0.9576688
,1522,1,0.96515876
,1523,1,0.9484511
,1524,1,0.94094586
,1525,1,0.9231225
,1526,0,0.9593226
,1527,1,0.9534921
,1528,1,0.97051895
,1529,0,0.97378093
,1530,0,0.9765933
,1531,1,0.9190235
,1532,0,0.95844066
,1533,1,0.98330164
,1534,1,0.9215534
,1535,0,0.97335935
,1536,0,0.97681105
,1537,0,0.9946125
,1538,1,0.7569054
,1539,0,0.95872945
,1540,0,0.95985526
,1541,1,0.9664625
,1542,0,0.97380745
,1543,0,0.97694343
,1544,0,0.9768304
,1545,0,0.97666836
,1546,0,0.96930254
,1547,1,0.98472095
,1548,1,0.97124827
,1549,0,0.97365236
,1550,0,0.97703356
,1551,0,0.97695404
,1552,0,0.976955
,1553,0,0.9769522
,1554,0,0.97684443
,1555,0,0.9770004
,1556,0,0.97143435
,1557,0,0.9573781
,1558,1,0.9085105
,1559,0,0.97301805
,1560,1,0.75167394
,1561,0,0.9741229
,1562,0,0.97688735
,1563,0,0.9715221
,1564,0,0.95738417
,1565,1,0.90892893
,1566,1,0.9209788
,1567,0,0.9735131
,1568,1,0.9085417
,1569,0,0.97352874
,1570,1,0.9117219
,1571,0,0.9575917
,1572,0,0.9572165
,1573,1,0.9334488
,1574,1,0.7861614
,1575,1,0.9202083
,1576,1,0.9212051
,1577,0,0.9733976
,1578,0,0.9769071
,1579,0,0.97690797
,1580,0,0.9768983
,1581,0,0.97360134
,1582,1,0.9542978
,1583,1,0.9198139
,1584,0,0.97358567
,1585,1,0.91063887
,1586,1,0.9201304
,1587,0,0.9735468
,1588,0,0.9769381
,1589,0,0.9769553
,1590,0,0.97695875
,1591,0,0.9769551
,1592,0,0.97675806
,1593,0,0.96319896
,1594,0,0.9594819
,1595,1,0.96684223
,1596,0,0.9729415
,1597,0,0.96282065
,1598,0,0.94564563
,1599,1,0.9512391
,1600,1,0.97116965
,1601,0,0.9575114
,1602,0,0.94672656
,1603,1,0.9868141
,1604,1,0.9473964
,1605,1,0.92113185
,1606,0,0.966968
,1607,0,0.9573624
,1608,1,0.91087526
,1609,0,0.95732605
,1610,0,0.9597768
,1611,1,0.9084535
,1612,0,0.9733877
,1613,0,0.9768273
,1614,0,0.9770212
,1615,0,0.9768393
,1616,0,0.97677994
,1617,1,0.9709263
,1618,0,0.9730961
,1619,0,0.97690606
,1620,0,0.9768986
,1621,0,0.9946201
,1622,1,0.90924454
,1623,0,0.9732231
,1624,1,0.9086755
,1625,0,0.9725047
,1626,1,0.5097892
,1627,0,0.9755691
,1628,1,0.9102719
,1629,1,0.97474134
,1630,0,0.97287947
,1631,1,0.9097502
,1632,0,0.9580619
,1633,0,0.9599864
,1634,1,0.9108523
,1635,0,0.96434677
,1636,1,0.9879562
,1637,0,0.9662861
,1638,0,0.94349474
,1639,1,0.9866983
,1640,1,0.9853845
,1641,1,0.98075044
,1642,1,0.9715973
,1643,0,0.97303396
,1644,0,0.97690636
,1645,0,0.9769079
,1646,0,0.97690743
,1647,0,0.9769074
,1648,0,0.9768877
,1649,0,0.971521
,1650,0,0.95730793
,1651,1,0.7583914
,1652,0,0.9646744
,1653,1,0.9083945
,1654,0,0.9732257
,1655,0,0.97151953
,1656,0,0.9573806
,1657,1,0.9085194
,1658,0,0.97324777
,1659,0,0.976908
,1660,0,0.97672194
,1661,1,0.90932447
,1662,0,0.9733911
,1663,0,0.97122735
,1664,0,0.9439188
,1665,1,0.9936412
,1666,1,0.9797542
,1667,0,0.9615483
,1668,1,0.977555
,1669,0,0.9484509
,1670,1,0.98202604
,1671,1,0.9962344
,1672,0,0.97291803
,1673,0,0.9715207
,1674,0,0.9575787
,1675,1,0.9880744
,1676,0,0.96392405
,1677,1,0.91081595
,1678,0,0.9593624
,1679,1,0.9536718
,1680,1,0.9229638
,1681,0,0.9571226
,1682,0,0.9468973
,1683,1,0.98242766
,1684,1,0.99616724
,1685,0,0.95909446
,1686,1,0.95346355
,1687,1,0.97200525
,1688,0,0.9596912
,1689,1,0.99394995
,1690,1,0.99231523
,1691,1,0.9788664
,1692,1,0.99717665
,1693,1,0.921779
,1694,0,0.97274077
,1695,0,0.96327907
,1696,0,0.9592276
,1697,1,0.9969874
,1698,0,0.9613292
,1699,1,0.90847445
,1700,0,0.9670027
,1701,0,0.95735645
,1702,1,0.91212475
,1703,0,0.9528723
,1704,1,0.99968976
,1705,1,0.9548173
,1706,1,0.9974631
,1707,1,0.99961996
,1708,1,0.9217494
,1709,0,0.9731966
,1710,0,0.9715211
,1711,0,0.95762503
,1712,1,0.9994077
,1713,0,0.96656936
,1714,0,0.9518928
,1715,1,0.9953732
,1716,1,0.9932224
,1717,1,0.98372
,1718,1,0.98528326
,1719,1,0.98104155
,1720,1,0.9803919
,1721,0,0.9616373
,1722,1,0.967313
,1723,1,0.9813929
,1724,1,0.97202617
,1725,0,0.96417695
,1726,1,0.98801315
,1727,1,0.9939525
,1728,1,0.97083366
,1729,0,0.9577759
,1730,0,0.96032065
,1731,1,0.9674301
,1732,0,0.96410966
,1733,1,0.9668426
,1734,0,0.966738
,1735,0,0.95752144
,1736,1,0.9668475
,1737,0,0.9731742
,1738,0,0.9768199
,1739,0,0.97691315
,1740,0,0.9770231
,1741,0,0.97661
,1742,1,0.9192168
,1743,0,0.9631387
,1744,1,0.9674008
,1745,0,0.96410793
,1746,1,0.96741486
,1747,0,0.95953435
,1748,1,0.9834634
,1749,1,0.9787411
,1750,1,0.9219173
,1751,1,0.92171985
,1752,0,0.97339565
,1753,0,0.97690696
,1754,0,0.97689813
,1755,0,0.9946849
,1756,0,0.9769329
,1757,0,0.9769074
,1758,0,0.97690743
,1759,0,0.97688776
,1760,0,0.9715129
,1761,0,0.9520559
,1762,1,0.9832551
,1763,1,0.97212744
,1764,0,0.9642091
,1765,1,0.9994074
,1766,0,0.96410304
,1767,1,0.99838966
,1768,0,0.9590475
,1769,1,0.9541614
,1770,1,0.9989587
,1771,1,0.99862623
,1772,0,0.9641274
,1773,1,0.9983886
,1774,0,0.96400857
,1775,1,0.9674136
,1776,0,0.95977443
,1777,1,0.99918777
,1778,1,0.978962
,1779,1,0.97885156
,1780,1,0.99716705
,1781,1,0.97217596
,1782,0,0.9641114
,1783,1,0.9668024
,1784,0,0.99047786
,1785,0,0.9604061
,1786,1,0.99562305
,1787,0,0.9590563
,1788,1,0.9543454
,1789,1,0.97865564
,1790,1,0.9721092
,1791,0,0.9595352
,1792,1,0.98346245
,1793,1,0.9786166
,1794,1,0.9962496
,1795,0,0.9641011
,1796,1,0.99561936
,1797,1,0.9744787
,1798,0,0.9737064
,1799,0,0.9714222
,1800,0,0.9573786
,1801,1,0.9085191
,1802,0,0.97324705
,1803,0,0.9767122
,1804,1,0.9093121
,1805,0,0.9731951
,1806,1,0.75166833
,1807,0,0.97412306
,1808,0,0.9769088
,1809,0,0.97671497
,1810,1,0.9095559
,1811,0,0.9735599
,1812,0,0.97682124
,1813,0,0.97690636
,1814,0,0.97690743
,1815,0,0.97690755
,1816,0,0.9769096
,1817,0,0.9767216
,1818,1,0.9093225
,1819,0,0.9734254
,1820,0,0.97671926
,1821,1,0.90882385
,1822,0,0.97390145
,1823,0,0.9768237
,1824,0,0.9770241
,1825,0,0.9769539
,1826,0,0.97695494
,1827,0,0.9769521
,1828,0,0.9768404
,1829,0,0.97678024
,1830,1,0.9709143
,1831,0,0.9732374
,1832,0,0.97682667
,1833,0,0.9770231
,1834,0,0.97675645
,1835,1,0.9906041
,1836,1,0.92251706
,1837,0,0.97339594
,1838,0,0.97672147
,1839,1,0.9092824
,1840,0,0.97356564
,1841,0,0.9769385
,1842,0,0.97695214
,1843,0,0.97683775
,1844,0,0.97690624
,1845,0,0.97690743
,1846,0,0.97690743
,1847,0,0.97690755
,1848,0,0.9769096
,1849,0,0.9767216
,1850,1,0.9093217
,1851,0,0.9734312
,1852,0,0.9770216
,1853,0,0.97683656
,1854,0,0.9769065
,1855,0,0.9769142
,1856,0,0.9770239
,1857,0,0.9767098
,1858,1,0.9709277
,1859,0,0.9730963
,1860,0,0.9769128
,1861,0,0.97702277
,1862,0,0.97684336
,1863,0,0.9770211
,1864,0,0.9768435
,1865,0,0.97702235
,1866,0,0.97666043
,1867,1,0.9085315
,1868,0,0.9738964
,1869,0,0.97682655
,1870,0,0.9769091
,1871,0,0.9767812
,1872,1,0.9709262
,1873,0,0.9730961
,1874,0,0.9769063
,1875,0,0.97691464
,1876,0,0.97702235
,1877,0,0.97684336
,1878,0,0.97702396
,1879,0,0.97695386
,1880,0,0.97695196
,1881,0,0.9768379
,1882,0,0.9769084
,1883,0,0.9767219
,1884,1,0.909284
,1885,0,0.97356236
,1886,0,0.976828
,1887,0,0.97702116
,1888,0,0.9768367
,1889,0,0.9769064
,1890,0,0.97691417
,1891,0,0.97702235
,1892,0,0.97684336
,1893,0,0.977021
,1894,0,0.9768367
,1895,0,0.97690624
,1896,0,0.97690743
,1897,0,0.9769075
,1898,0,0.97689915
,1899,0,0.9766852
,1900,1,0.9095543
,1901,0,0.97356296
,1902,0,0.9769357
,1903,0,0.9768446
,1904,0,0.97702104
,1905,0,0.9768382
,1906,0,0.97670656
,1907,1,0.75153965
,1908,0,0.97426015
,1909,0,0.9769397
,1910,0,0.9766441
,1911,1,0.9095903
,1912,0,0.973421
,1913,0,0.97690654
,1914,0,0.97690785
,1915,0,0.97690743
,1916,0,0.97690743
,1917,0,0.9769077
,1918,0,0.97691417
,1919,0,0.97702223
,1920,0,0.97683686
,1921,0,0.976913
,1922,0,0.97702515
,1923,0,0.9769509
,1924,0,0.97683775
,1925,0,0.97690624
,1926,0,0.97690755
,1927,0,0.97690874
,1928,0,0.9767847
,1929,1,0.9707162
,1930,0,0.97374696
,1931,0,0.9769071
,1932,0,0.9714328
,1933,0,0.9577262
,1934,0,0.9788681
,1935,0,0.9765988
,1936,0,0.9769063
,1937,0,0.97690743
,1938,0,0.97690743
,1939,0,0.97690743
,1940,0,0.97690743
,1941,0,0.97690743
,1942,0,0.97690743
,1943,0,0.97690743
,1944,0,0.97690743
,1945,0,0.97690743
,1946,0,0.97688776
,1947,0,0.97152156
,1948,0,0.9573799
,1949,1,0.9085189
,1950,0,0.9732502
,1951,0,0.97671986
,1952,1,0.9093978
,1953,0,0.96721864
,1954,0,0.9575178
,1955,1,0.9674441
,1956,0,0.95968455
,1957,1,0.95123166
,1958,1,0.92929184
,1959,1,0.9214838
,1960,0,0.9730863
,1961,1,0.91818684
,1962,0,0.96351415
,1963,1,0.995632
,1964,0,0.9633622
,1965,1,0.9379384
,1966,0,0.96042794
,1967,1,0.9135138
,1968,1,0.92784804
,1969,0,0.96025014
,1970,0,0.96544236
,1971,1,0.9803055
,1972,1,0.92343974
,1973,0,0.95939577
,1974,1,0.9536557
,1975,1,0.9212005
,1976,0,0.9731971
,1977,0,0.97152066
,1978,0,0.9575054
,1979,1,0.96744376
,1980,0,0.9639584
,1981,1,0.7547929
,1982,0,0.97380614
,1983,0,0.976906
,1984,0,0.9769078
,1985,0,0.9769077
,1986,0,0.97691417
,1987,0,0.97702235
,1988,0,0.97684336
,1989,0,0.977021
,1990,0,0.9768368
,1991,0,0.9769088
,1992,0,0.97678113
,1993,1,0.9709512
,1994,0,0.9668033
,1995,0,0.951629
,1996,1,0.95337063
,1997,1,0.99621546
,1998,0,0.97279626
,1999,1,0.9709258
,2000,0,0.97309655
,2001,0,0.97690576
,2002,0,0.9769079
,2003,0,0.9769077
,2004,0,0.9769141
,2005,0,0.97700167
,2006,0,0.9714336
,2007,0,0.95758927
,2008,1,0.99839616
,2009,0,0.9640087
,2010,1,0.96684283
,2011,0,0.9667172
,2012,0,0.9477951
,2013,0,0.9608501
,2014,1,0.98823327
,2015,0,0.9640434
,2016,1,0.9668103
,2017,0,0.97281957
,2018,1,0.9093257
,2019,0,0.97342396
,2020,0,0.97690916
,2021,0,0.9767816
,2022,1,0.9709262
,2023,0,0.9730961
,2024,0,0.97690606
,2025,0,0.97690797
,2026,0,0.9769096
,2027,0,0.9767216
,2028,1,0.90932304
,2029,0,0.97342324
,2030,0,0.97690654
,2031,0,0.97690785
,2032,0,0.97690743
,2033,0,0.97690743
,2034,0,0.97690743
,2035,0,0.97690743
,2036,0,0.97690743
,2037,0,0.97690743
,2038,0,0.97690743
,2039,0,0.97688776
,2040,0,0.9715224
,2041,0,0.95761985
,2042,1,0.9983862
,2043,0,0.9729166
,2044,0,0.9769078
,2045,0,0.97669065
,2046,1,0.9189805
,2047,0,0.963033
,2048,1,0.9085132
,2049,0,0.9725986
,2050,1,0.9185979
,2051,0,0.96308804
,2052,1,0.9107512
,2053,1,0.9409021
,2054,1,0.92066574
,2055,0,0.9732246
,2056,0,0.9769064
,2057,0,0.9768989
,2058,0,0.99463147
,2059,1,0.9736168
,2060,1,0.9818316
,2061,1,0.92131335
,2062,0,0.9732205
,2063,0,0.9768865
,2064,0,0.9715213
,2065,0,0.95737964
,2066,1,0.908595
,2067,0,0.9669905
,2068,0,0.95162416
,2069,1,0.95462966
,2070,1,0.9410446
,2071,1,0.9183978
,2072,0,0.9739678
,2073,0,0.97681254
,2074,0,0.97690636
,2075,0,0.97690743
,2076,0,0.97690755
,2077,0,0.9769096
,2078,0,0.9767216
,2079,1,0.9093536
,2080,0,0.9696237
,2081,1,0.9531916
,2082,0,0.9655533
,2083,0,0.96563864
,2084,1,0.90845895
,2085,0,0.9688628
,2086,1,0.8705199
,2087,1,0.91923535
,2088,0,0.9729934
,2089,1,0.97088146
,2090,0,0.9730985
,2091,0,0.97672045
,2092,1,0.9093068
,2093,0,0.97326857
,2094,1,0.9742967
,2095,0,0.96314526
,2096,1,0.93163097
,2097,1,0.9480466
,2098,1,0.9197469
,2099,0,0.9676979
,2100,0,0.94780743
,2101,0,0.9606768
,2102,1,0.9097357
,2103,0,0.9715289
,2104,0,0.9705957
,2105,1,0.9310734
,2106,1,0.92120373
,2107,0,0.9733227
,2108,0,0.9769135
,2109,0,0.9770257
,2110,0,0.97695214
,2111,0,0.9766856
,2112,1,0.97436506
,2113,0,0.96355116
,2114,1,0.9084744
,2115,0,0.9670036
,2116,0,0.957591
,2117,1,0.9879673
,2118,0,0.96664053
,2119,0,0.9573932
,2120,1,0.90851784
,2121,0,0.9732478
,2122,0,0.976908
,2123,0,0.976722
,2124,1,0.90932167
,2125,0,0.9734313
,2126,0,0.97702295
,2127,0,0.9766599
,2128,1,0.908571
,2129,0,0.9737591
,2130,0,0.9769118
,2131,0,0.9769101
,2132,0,0.9767216
,2133,1,0.90932316
,2134,0,0.97341144
,2135,0,0.97412056
,2136,0,0.9676617
,2137,1,0.9089871
,2138,0,0.97330505
,2139,0,0.9715199
,2140,0,0.9573806
,2141,1,0.9085195
,2142,0,0.9732364
,2143,0,0.9946199
,2144,1,0.909257
,2145,0,0.9734234
,2146,0,0.9769087
,2147,0,0.976722
,2148,1,0.909323
,2149,0,0.97342336
,2150,0,0.9769087
,2151,0,0.97672194
,2152,1,0.909323
,2153,0,0.97342324
,2154,0,0.9769063
,2155,0,0.97688055
,2156,0,0.9763158
,2157,1,0.9390927
,2158,0,0.94846296
,2159,1,0.98219126
,2160,1,0.9716053
,2161,0,0.9568381
,2162,0,0.9471955
,2163,1,0.9936783
,2164,1,0.97890544
,2165,1,0.99228406
,2166,1,0.99235046
,2167,1,0.9407841
,2168,1,0.9961423
,2169,0,0.95961267
,2170,1,0.99401486
,2171,1,0.9941426
,2172,1,0.94676447
,2173,1,0.9895171
,2174,0,0.96740687
,2175,0,0.95764923
,2176,1,0.99839187
,2177,0,0.95908976
,2178,1,0.9534674
,2179,1,0.9720053
,2180,0,0.9595343
,2181,1,0.9832036
,2182,1,0.9986379
,2183,0,0.9638394
,2184,1,0.9861815
,2185,1,0.9559093
,2186,1,0.9812154
,2187,1,0.9406699
,2188,1,0.99622244
,2189,1,0.92262423
,2190,0,0.9733712
,2191,0,0.9715113
,2192,0,0.9516146
,2193,1,0.95337147
,2194,1,0.9962155
,2195,0,0.9727259
,2196,1,0.9094004
,2197,0,0.96720904
,2198,0,0.95207095
,2199,1,0.98340744
,2200,1,0.9989625
,2201,1,0.9716927
,2202,0,0.97302973
,2203,0,0.9766736
,2204,1,0.91896844
,2205,0,0.9631454
,2206,1,0.96682006
,2207,0,0.9730334
,2208,0,0.97688615
,2209,0,0.9715229
,2210,0,0.9576084
,2211,1,0.9956218
,2212,0,0.96410465
,2213,1,0.9955966
,2214,0,0.96659714
,2215,0,0.9523282
,2216,1,0.9977814
,2217,1,0.9743832
,2218,1,0.71214217
,2219,1,0.9705357
,2220,0,0.964098
,2221,1,0.966596
,2222,0,0.96751845
,2223,0,0.9575524
,2224,1,0.9664847
,2225,0,0.973666
,2226,0,0.97691536
,2227,0,0.97688353
,2228,0,0.9768364
,2229,0,0.9769178
,2230,0,0.9769059
,2231,0,0.9769064
,2232,0,0.97686476
,2233,0,0.99435925
,2234,1,0.5097798
,2235,0,0.97581536
,2236,0,0.97677946
,2237,0,0.9770215
,2238,0,0.9768366
,2239,0,0.9769062
,2240,0,0.97690743
,2241,0,0.97690743
,2242,0,0.97690743
,2243,0,0.97690755
,2244,0,0.9769096
,2245,0,0.9767215
,2246,1,0.90932304
,2247,0,0.9734232
,2248,0,0.97688687
,2249,0,0.97152203
,2250,0,0.9573799
,2251,1,0.90851814
,2252,0,0.9732557
,2253,0,0.97702384
,2254,0,0.9769537
,2255,0,0.97693133
,2256,0,0.9714357
,2257,0,0.9573641
,2258,1,0.91088486
,2259,0,0.9641806
,2260,1,0.90839356
,2261,0,0.9732488
,2262,0,0.9769127
,2263,0,0.97702277
,2264,0,0.97684336
,2265,0,0.97702104
,2266,0,0.97683907
,2267,0,0.97673035
,2268,1,0.908567
,2269,0,0.97373676
,2270,0,0.971527
,2271,0,0.9574015
,2272,1,0.90744823
,2273,0,0.9736762
,2274,1,0.90929174
,2275,0,0.9734242
,2276,0,0.9769066
,2277,0,0.97690797
,2278,0,0.9769092
,2279,0,0.9767201
,2280,1,0.9088234
,2281,0,0.9739013
,2282,0,0.9768169
,2283,0,0.97690636
,2284,0,0.97690743
,2285,0,0.97690743
,2286,0,0.97690755
,2287,0,0.9769095
,2288,0,0.9767248
,2289,1,0.9088007
,2290,0,0.973902
,2291,0,0.976942
,2292,0,0.976835
,2293,0,0.976908
,2294,0,0.97672075
,2295,1,0.909323
,2296,0,0.97342324
,2297,0,0.97690547
,2298,0,0.9769047
,2299,0,0.9769079
,2300,0,0.9769074
,2301,0,0.97690743
,2302,0,0.97690743
,2303,0,0.97690743
,2304,0,0.97690743
,2305,0,0.97690743
,2306,0,0.97690743
,2307,0,0.97690743
,2308,0,0.97690743
,2309,0,0.97690743
,2310,0,0.97688776
,2311,0,0.97152066
,2312,0,0.9573832
,2313,1,0.90773404
,2314,0,0.9740272
,2315,0,0.97681457
,2316,0,0.97672033
,2317,1,0.9093333
,2318,0,0.9733531
,2319,0,0.9751548
,2320,0,0.9741492
,2321,1,0.9397768
,2322,0,0.9479964
,2323,1,0.9508643
,2324,1,0.91849464
,2325,0,0.9739907
,2326,0,0.9768194
,2327,0,0.97701323
,2328,0,0.9765927
,2329,0,0.96893966
,2330,1,0.952006
,2331,1,0.97146344
,2332,0,0.96397
,2333,1,0.91236955
,2334,0,0.9519606
,2335,1,0.95089316
,2336,1,0.9202853
,2337,0,0.9738296
,2338,0,0.9768959
,2339,0,0.9715186
,2340,0,0.95724446
,2341,1,0.9098269
,2342,1,0.921625
,2343,0,0.9733935
,2344,0,0.97688735
,2345,0,0.9715221
,2346,0,0.9573801
,2347,1,0.90852267
,2348,0,0.9729893
,2349,1,0.9085549
,2350,0,0.97345906
,2351,1,0.9803956
,2352,0,0.9560361
,2353,1,0.9536302
,2354,1,0.92321914
,2355,0,0.9642547
,2356,1,0.9668105
,2357,0,0.97277284
,2358,1,0.9192782
,2359,0,0.96302134
,2360,1,0.9087301
,2361,0,0.9730331
,2362,1,0.909402
,2363,0,0.9672187
,2364,0,0.95737934
,2365,1,0.9108831
,2366,0,0.964169
,2367,1,0.91076237
,2368,0,0.9641699
,2369,1,0.91081595
,2370,0,0.9593634
,2371,1,0.9536363
,2372,1,0.92322236
,2373,0,0.9641468
,2374,1,0.90846753
,2375,0,0.9669914
,2376,0,0.9516198
,2377,1,0.9534102
,2378,0,0.97540855
,2379,0,0.9711298
,2380,0,0.9516121
,2381,1,0.9536499
,2382,1,0.92120886
,2383,0,0.9731971
,2384,0,0.9715103
,2385,0,0.9516072
,2386,1,0.9545458
,2387,0,0.9668465
,2388,1,0.9099809
,2389,0,0.9718448
,2390,0,0.97129387
,2391,0,0.95896477
,2392,1,0.9085004
,2393,0,0.973225
,2394,0,0.97151953
,2395,0,0.95736676
,2396,1,0.9108847
,2397,0,0.9641803
,2398,1,0.90846926
,2399,0,0.96699154
,2400,0,0.95162666
,2401,1,0.9536491
,2402,1,0.92120874
,2403,0,0.9732198
,2404,0,0.9768867
,2405,0,0.97152203
,2406,0,0.9573795
,2407,1,0.9085951
,2408,0,0.9670016
,2409,0,0.95739216
,2410,1,0.9085939
,2411,0,0.966998
,2412,0,0.9577405
,2413,0,0.9788686
,2414,0,0.9765988
,2415,0,0.97690624
,2416,0,0.97688764
,2417,0,0.9715184
,2418,0,0.95772797
,2419,0,0.978849
,2420,0,0.97114074
,2421,0,0.9573649
,2422,1,0.9109383
,2423,0,0.9593624
,2424,1,0.95361626
,2425,1,0.921617
,2426,1,0.9217116
,2427,0,0.973155
,2428,1,0.9175134
,2429,1,0.9444598
,2430,1,0.9226019
,2431,0,0.9644413
,2432,0,0.97860163
,2433,1,0.91059214
,2434,0,0.9672134
,2435,0,0.9575209
,2436,1,0.9668886
,2437,0,0.96672666
,2438,0,0.95207
,2439,1,0.98331094
,2440,1,0.9215874
,2441,0,0.973219
,2442,0,0.9769064
,2443,0,0.97690785
,2444,0,0.9769075
,2445,0,0.97690743
,2446,0,0.97690743
,2447,0,0.97690755
,2448,0,0.9769096
,2449,0,0.9767215
,2450,1,0.90932304
,2451,0,0.97342324
,2452,0,0.9769066
,2453,0,0.97690785
,2454,0,0.97690743
,2455,0,0.97690743
,2456,0,0.97690743
,2457,0,0.97690743
,2458,0,0.97688776
,2459,0,0.9715118
,2460,0,0.95160997
,2461,1,0.95463455
,2462,1,0.94199663
,2463,1,0.9786053
,2464,1,0.9716223
,2465,0,0.966726
,2466,0,0.9516282
,2467,1,0.9536631
,2468,1,0.92327005
,2469,0,0.9593219
,2470,1,0.9546049
,2471,1,0.94137037
,2472,1,0.9440156
,2473,0,0.9617162
,2474,1,0.90811676
,2475,0,0.95817924
,2476,0,0.96017915
,2477,1,0.90933466
,2478,1,0.9299339
,2479,0,0.9629993
,2480,1,0.9107739
,2481,0,0.9641699
,2482,1,0.910816
,2483,0,0.95936084
,2484,1,0.95412487
,2485,1,0.93154323
,2486,0,0.9741013
,2487,1,0.90989804
,2488,0,0.9732104
,2489,1,0.9093996
,2490,0,0.9672187
,2491,0,0.95737934
,2492,1,0.91088307
,2493,0,0.96418065
,2494,1,0.90839356
,2495,0,0.97324854
,2496,0,0.97690594
,2497,0,0.97690785
,2498,0,0.9769077
,2499,0,0.9769142
,2500,0,0.9770236
,2501,0,0.9766597
,2502,1,0.9086533
,2503,0,0.9676202
,2504,0,0.9516374
,2505,1,0.9536633
,2506,1,0.92322344
,2507,0,0.9641403
,2508,1,0.90895337
,2509,1,0.9778149
,2510,0,0.9587064
,2511,1,0.9873018
,2512,1,0.9809344
,2513,0,0.97531945
,2514,0,0.9769726
,2515,0,0.96321416
,2516,0,0.953867
,2517,1,0.9534673
,2518,1,0.971281
,2519,0,0.95763415
,2520,0,0.9468216
,2521,1,0.9514184
,2522,1,0.9232487
,2523,0,0.959322
,2524,1,0.9546015
,2525,1,0.9410596
,2526,1,0.92101103
,2527,0,0.9730082
,2528,1,0.9094006
,2529,0,0.9672293
,2530,0,0.96246403
,2531,0,0.9743659
,2532,1,0.9514205
,2533,1,0.9211732
,2534,0,0.97300744
,2535,1,0.9093238
,2536,0,0.9734238
,2537,0,0.9769066
,2538,0,0.97690785
,2539,0,0.9769075
,2540,0,0.97690743
,2541,0,0.97690743
,2542,0,0.97690743
,2543,0,0.9769077
,2544,0,0.97691417
,2545,0,0.97702247
,2546,0,0.9768434
,2547,0,0.9770212
,2548,0,0.97684336
,2549,0,0.977021
,2550,0,0.9768366
,2551,0,0.9769062
,2552,0,0.97690743
,2553,0,0.97690743
,2554,0,0.97690755
,2555,0,0.9769095
,2556,0,0.97669023
,2557,1,0.91896206
,2558,0,0.9630563
,2559,1,0.90840936
,2560,0,0.97324884
,2561,0,0.976906
,2562,0,0.97690994
,2563,0,0.9767215
,2564,1,0.90932304
,2565,0,0.9734233
,2566,0,0.976908
,2567,0,0.9767076
,2568,1,0.7516509
,2569,0,0.9741302
,2570,0,0.9770249
,2571,0,0.97695374
,2572,0,0.976952
,2573,0,0.9768379
,2574,0,0.9769088
,2575,0,0.9767812
,2576,1,0.9709262
,2577,0,0.973096
,2578,0,0.9768864
,2579,0,0.9715211
,2580,0,0.95736504
,2581,1,0.90882933
,2582,0,0.9732464
,2583,0,0.9769075
,2584,0,0.97671455
,2585,1,0.90967095
,2586,0,0.96721524
,2587,0,0.9573793
,2588,1,0.9108831
,2589,0,0.964169
,2590,1,0.9107623
,2591,0,0.9641814
,2592,1,0.90846926
,2593,0,0.9670027
,2594,0,0.95737875
,2595,1,0.9108848
,2596,0,0.96414936
,2597,1,0.91204625
,2598,0,0.9519576
,2599,1,0.95182496
,2600,1,0.9459867
,2601,0,0.9615398
,2602,1,0.9089076
,2603,1,0.9751161
,2604,1,0.92078215
,2605,0,0.9731968
,2606,1,0.9093081
,2607,0,0.973213
,2608,1,0.909311
,2609,0,0.9731768
,2610,1,0.9189807
,2611,0,0.9630221
,2612,1,0.9107755
,2613,0,0.9641699
,2614,1,0.91081595
,2615,0,0.95936334
,2616,1,0.9536223
,2617,1,0.92120737
,2618,0,0.9732199
,2619,0,0.9769064
,2620,0,0.9769079
,2621,0,0.97690743
,2622,0,0.97690654
,2623,0,0.97687876
,2624,0,0.9758341
,2625,1,0.5114147
,2626,1,0.97170544
,2627,1,0.9748001
,2628,1,0.9221145
,2629,0,0.97318745
,2630,1,0.9097329
,2631,1,0.9749556
,2632,1,0.921747
,2633,1,0.9282808
,2634,0,0.9706054
,2635,1,0.7530327
,2636,1,0.91969234
,2637,1,0.92120266
,2638,0,0.9733827
,2639,0,0.9946582
,2640,0,0.9947063
,2641,0,0.97674704
,2642,1,0.9100086
,2643,1,0.9211245
,2644,0,0.9733999
,2645,0,0.97672254
,2646,1,0.90999734
,2647,1,0.9217219
,2648,1,0.92121834
,2649,0,0.9733977
,2650,0,0.9769073
,2651,0,0.9769146
,2652,0,0.9770222
,2653,0,0.9767156
,2654,1,0.97072375
,2655,0,0.9735988
,2656,0,0.9769066
,2657,0,0.9763765
,2658,1,0.93879473
,2659,0,0.9613397
,2660,1,0.9670157
,2661,1,0.9751317
,2662,0,0.97293866
,2663,1,0.9712718
,2664,1,0.9228426
,2665,1,0.9295772
,2666,0,0.96301395
,2667,1,0.90840507
,2668,0,0.9732556
,2669,0,0.9782377
,2670,1,0.51493746
,2671,1,0.9155193
,2672,0,0.9734128
,2673,0,0.97701806
,2674,0,0.97659886
,2675,0,0.96929806
,2676,1,0.984651
,2677,0,0.9753898
,2678,0,0.97645575
,2679,1,0.97101766
,2680,0,0.9730966
,2681,0,0.9767128
,2682,1,0.90965605
,2683,0,0.9696496
,2684,1,0.9889495
,2685,1,0.9810846
,2686,1,0.9218615
,2687,0,0.9646439
,2688,0,0.9788209
,2689,0,0.97659796
,2690,0,0.97691303
,2691,0,0.97702515
,2692,0,0.9769509
,2693,0,0.97683775
,2694,0,0.9769063
,2695,0,0.976909
,2696,0,0.97668165
,2697,1,0.91921955
,2698,0,0.9631556
,2699,1,0.966442
,2700,0,0.97345644
,2701,1,0.9089184
,2702,0,0.9739013
,2703,0,0.97681874
,2704,0,0.97676945
,2705,1,0.9708077
,2706,0,0.9737393
,2707,0,0.9766785
,2708,1,0.9709416
,2709,0,0.9725987
,2710,1,0.9803414
,2711,0,0.9614156
,2712,1,0.9664735
,2713,0,0.9675138
,2714,0,0.95741194
,2715,1,0.9077336
,2716,0,0.9737545
,2717,1,0.9707116
,2718,0,0.9736066
,2719,0,0.9770289
,2720,0,0.9768365
,2721,0,0.976913
,2722,0,0.9770233
,2723,0,0.9766485
,2724,1,0.9088335
,2725,0,0.9737621
,2726,0,0.97672445
,2727,1,0.9088245
,2728,0,0.9739014
,2729,0,0.97681916
,2730,0,0.976722
,2731,1,0.90995574
,2732,1,0.92047906
,2733,0,0.97349465
,2734,1,0.90962905
,2735,0,0.97356343
,2736,0,0.9769368
,2737,0,0.9766514
,2738,1,0.90931773
,2739,0,0.97319716
,2740,1,0.75224346
,2741,1,0.91903645
,2742,1,0.99180394
,2743,1,0.99246174
,2744,1,0.9431604
,2745,1,0.9414028
,2746,1,0.85189104
,2747,1,0.97066075
,2748,0,0.9730373
,2749,0,0.9767679
,2750,1,0.9711681
,2751,1,0.975217
,2752,1,0.97507614
,2753,0,0.9728867
,2754,1,0.9100076
,2755,1,0.9211112
,2756,0,0.97319806
,2757,1,0.9085507
,2758,0,0.97390366
,2759,0,0.9769313
,2760,0,0.9768379
,2761,0,0.97690624
,2762,0,0.97690743
,2763,0,0.97690743
,2764,0,0.97690743
,2765,0,0.97690713
,2766,0,0.9769066
,2767,0,0.97690934
,2768,0,0.9767144
,2769,1,0.9095949
,2770,0,0.973421
,2771,0,0.9769068
,2772,0,0.9769146
,2773,0,0.9770252
,2774,0,0.9769509
,2775,0,0.9768379
,2776,0,0.9769086
,2777,0,0.9767316
,2778,1,0.90855145
,2779,0,0.9739018
,2780,0,0.97662836
,2781,1,0.7522741
,2782,0,0.9739131
,2783,1,0.9093223
,2784,0,0.97342366
,2785,0,0.9769066
,2786,0,0.9769044
,2787,0,0.97687787
,2788,0,0.9715206
,2789,0,0.957386
,2790,1,0.90859497
,2791,0,0.9670016
,2792,0,0.9573925
,2793,1,0.9085178
,2794,0,0.97324765
,2795,0,0.9768862
,2796,0,0.9715229
,2797,0,0.95761985
,2798,1,0.9983862
,2799,0,0.9729191
,2800,0,0.9767203
,2801,1,0.9092824
,2802,0,0.97356224
,2803,0,0.9768214
,2804,0,0.9769131
,2805,0,0.97702515
,2806,0,0.9769509
,2807,0,0.9768379
,2808,0,0.9769088
,2809,0,0.9767812
,2810,1,0.9709261
,2811,0,0.9730911
,2812,0,0.976701
,2813,1,0.9093169
,2814,0,0.97321254
,2815,1,0.90931034
,2816,0,0.97321504
,2817,1,0.90975726
,2818,1,0.974741
,2819,0,0.97294736
,2820,1,0.9711577
,2821,1,0.9227381
,2822,1,0.9212169
,2823,0,0.973187
,2824,1,0.9092829
,2825,0,0.97352934
,2826,0,0.9749637
,2827,0,0.9745851
,2828,0,0.9769961
,2829,1,0.9087581
,2830,0,0.973903
,2831,0,0.9769313
,2832,0,0.9768378
,2833,0,0.9768865
,2834,0,0.9715215
,2835,0,0.9573798
,2836,1,0.90851814
,2837,0,0.9732557
,2838,0,0.9770239
,2839,0,0.9769521
,2840,0,0.9766967
,2841,1,0.97101474
,2842,0,0.973097
,2843,0,0.97672004
,2844,1,0.9093977
,2845,0,0.967207
,2846,0,0.9516266
,2847,1,0.95368737
,2848,1,0.9237693
,2849,1,0.85252374
,2850,0,0.93874806
,2851,0,0.9625672
,2852,1,0.9326133
,2853,1,0.9478685
,2854,1,0.9894479
,2855,0,0.9729481
,2856,0,0.9715171
,2857,0,0.95772886
,2858,0,0.9788682
,2859,0,0.97659886
,2860,0,0.9769078
,2861,0,0.97670746
,2862,1,0.7516167
,2863,0,0.9739857
,2864,1,0.9710972
,2865,1,0.9744346
,2866,0,0.973723
,2867,0,0.9769308
,2868,0,0.97671616
,2869,1,0.97072446
,2870,0,0.9735993
,2871,0,0.97692055
,2872,0,0.97702587
,2873,0,0.976951
,2874,0,0.9768445
,2875,0,0.97702396
,2876,0,0.97695094
,2877,0,0.97683775
,2878,0,0.97690624
,2879,0,0.9769075
,2880,0,0.9769096
,2881,0,0.9767215
,2882,1,0.90932304
,2883,0,0.97342324
,2884,0,0.97690654
,2885,0,0.97690785
,2886,0,0.97690743
,2887,0,0.97690743
,2888,0,0.97688776
,2889,0,0.9715215
,2890,0,0.9572339
,2891,1,0.91011715
,2892,0,0.9733068
,2893,0,0.97671235
,2894,1,0.9093092
,2895,0,0.9732124
,2896,1,0.90931094
,2897,0,0.973212
,2898,1,0.909392
,2899,0,0.97294927
,2900,0,0.96328324
,2901,0,0.95953983
,2902,1,0.96658176
,2903,0,0.97304773
,2904,1,0.9387227
,2905,0,0.9613503
,2906,1,0.9671187
,2907,1,0.91989
,2908,0,0.97384155
,2909,0,0.97662306
,2910,1,0.9095898
,2911,0,0.973421
,2912,0,0.97690654
,2913,0,0.97690785
,2914,0,0.97690743
,2915,0,0.97690743
,2916,0,0.97690743
,2917,0,0.97690743
,2918,0,0.97690743
,2919,0,0.97690743
,2920,0,0.97690743
,2921,0,0.9769072
,2922,0,0.9768997
,2923,0,0.97666794
,2924,0,0.9692927
,2925,1,0.98639894
,2926,0,0.9664192
,2927,1,0.90854454
,2928,0,0.97387975
,2929,0,0.9767284
,2930,1,0.90882504
,2931,0,0.97390467
,2932,0,0.9769342
,2933,0,0.9769522
,2934,0,0.97684014
,2935,0,0.9767304
,2936,1,0.9085588
,2937,0,0.97356385
,2938,1,0.9085133
,2939,0,0.97367877
,2940,0,0.96317977
,2941,0,0.95989865
,2942,0,0.9785082
,2943,1,0.9111971
,2944,1,0.9211058
,2945,0,0.97354007
,2946,0,0.9769367
,2947,0,0.97669846
,2948,1,0.97118735
,2949,1,0.97482014
,2950,1,0.9213954
,2951,1,0.9197149
,2952,0,0.97370857
,2953,0,0.97671914
,2954,1,0.9095567
,2955,0,0.9735615
,2956,0,0.9766445
,2957,1,0.9085701
,2958,0,0.9737612
,2959,0,0.9767189
,2960,1,0.909557
,2961,0,0.9735599
,2962,0,0.97682124
,2963,0,0.9769066
,2964,0,0.97691417
,2965,0,0.9770223
,2966,0,0.9768387
,2967,0,0.97677374
,2968,1,0.9708135
,2969,0,0.9736046
,2970,0,0.9768381
,2971,0,0.9630606
,2972,0,0.94568354
,2973,1,0.9513995
,2974,1,0.9196298
,2975,1,0.97417015
,2976,0,0.973714
,2977,0,0.9768136
,2978,0,0.97690636
,2979,0,0.97690743
,2980,0,0.97690743
,2981,0,0.97690743
,2982,0,0.97690743
,2983,0,0.97690743
,2984,0,0.9769077
,2985,0,0.97691417
,2986,0,0.97702235
,2987,0,0.97684336
,2988,0,0.977021
,2989,0,0.9768368
,2990,0,0.9769088
,2991,0,0.9767812
,2992,1,0.9709263
,2993,0,0.9730745
,2994,0,0.97186756
,2995,0,0.9590832
,2996,1,0.96727365
,2997,1,0.97470045
,2998,1,0.9747687
,2999,1,0.97489685
,3000,0,0.9737222
,3001,0,0.97681856
,3002,0,0.9770244
,3003,0,0.976954
,3004,0,0.9769533
,3005,0,0.9767004
,3006,1,0.97080904
,3007,0,0.97338414
,3008,1,0.9102874
,3009,1,0.97728676
,3010,1,0.98357636
,3011,1,0.9562742
,3012,1,0.94866925
,3013,1,0.95432824
,3014,1,0.94694597
,3015,0,0.9754857
,3016,0,0.97660565
,3017,0,0.9770245
,3018,0,0.976951
,3019,0,0.9768445
,3020,0,0.97702396
,3021,0,0.9769511
,3022,0,0.9768445
,3023,0,0.9770211
,3024,0,0.97684336
,3025,0,0.9770211
,3026,0,0.9768434
,3027,0,0.9770239
,3028,0,0.976951
,3029,0,0.9768447
,3030,0,0.9770277
,3031,0,0.97695184
,3032,0,0.97683567
,3033,0,0.97691315
,3034,0,0.977029
,3035,0,0.9769585
,3036,0,0.9769535
,3037,0,0.9769527
,3038,0,0.97695494
,3039,0,0.97695225
,3040,0,0.97684455
,3041,0,0.97702396
,3042,0,0.97695404
,3043,0,0.97695875
,3044,0,0.9769559
,3045,0,0.9769526
,3046,0,0.9769549
,3047,0,0.9769521
,3048,0,0.9768445
,3049,0,0.977021
,3050,0,0.9768367
,3051,0,0.97690636
,3052,0,0.9769103
,3053,0,0.97678924
,3054,1,0.97071743
,3055,0,0.973747
,3056,0,0.9769278
,3057,0,0.9768379
,3058,0,0.97690624
,3059,0,0.97690743
,3060,0,0.97690743
,3061,0,0.97690743
,3062,0,0.97690743
,3063,0,0.97690743
,3064,0,0.97690755
,3065,0,0.9769092
,3066,0,0.9767201
,3067,1,0.9088234
,3068,0,0.97390467
,3069,0,0.9769313
,3070,0,0.9768379
,3071,0,0.9769065
,3072,0,0.97691417
,3073,0,0.97702235
,3074,0,0.97684336
,3075,0,0.97702366
,3076,0,0.9769411
,3077,0,0.9760996
,3078,1,0.8306074
,3079,0,0.961137
,3080,1,0.9088454
,3081,0,0.97324824
,3082,0,0.976713
,3083,1,0.90958273
,3084,0,0.9732104
,3085,1,0.9092845
,3086,0,0.9735629
,3087,0,0.976828
,3088,0,0.9770241
,3089,0,0.9769539
,3090,0,0.97695494
,3091,0,0.9769552
,3092,0,0.9769589
,3093,0,0.9769597
,3094,0,0.97695726
,3095,0,0.9769505
,3096,0,0.9768354
,3097,0,0.9769062
,3098,0,0.9769077
,3099,0,0.9769142
,3100,0,0.9770236
,3101,0,0.9766601
,3102,1,0.90856624
,3103,0,0.9735347
,3104,1,0.7516242
,3105,0,0.974131
,3106,0,0.977025
,3107,0,0.97695374
,3108,0,0.97695196
,3109,0,0.97683775
,3110,0,0.9769062
,3111,0,0.97690743
,3112,0,0.97690743
,3113,0,0.97690743
,3114,0,0.97690743
,3115,0,0.9769077
,3116,0,0.97691417
,3117,0,0.97702235
,3118,0,0.9768434
,3119,0,0.97702396
,3120,0,0.976951
,3121,0,0.9768445
,3122,0,0.97702396
,3123,0,0.97695094
,3124,0,0.976838
,3125,0,0.976913
,3126,0,0.9770254
,3127,0,0.9769576
,3128,0,0.9769529
,3129,0,0.97683567
,3130,0,0.9769129
,3131,0,0.9770223
,3132,0,0.97684336
,3133,0,0.977021
,3134,0,0.9768367
,3135,0,0.9769062
,3136,0,0.97690743
,3137,0,0.97690743
,3138,0,0.97690743
,3139,0,0.9769077
,3140,0,0.97691417
,3141,0,0.97702235
,3142,0,0.97684336
,3143,0,0.97702104
,3144,0,0.9768388
,3145,0,0.9767203
,3146,1,0.90932316
,3147,0,0.97342324
,3148,0,0.97690654
,3149,0,0.9769081
,3150,0,0.97691417
,3151,0,0.9770223
,3152,0,0.97683865
,3153,0,0.9767234
,3154,1,0.9088259
,3155,0,0.9738981
,3156,0,0.97681695
,3157,0,0.9769081
,3158,0,0.9767677
,3159,1,0.73372805
,3160,0,0.95717764
,3161,1,0.9536294
,3162,1,0.92121965
,3163,0,0.971034
,3164,1,0.8084007
,3165,1,0.91911876
,3166,0,0.9733226
,3167,0,0.9767224
,3168,1,0.909955
,3169,1,0.9204723
,3170,0,0.973854
,3171,0,0.97667587
,3172,1,0.97101456
,3173,0,0.9730976
,3174,0,0.9767802
,3175,1,0.9709137
,3176,0,0.9732373
,3177,0,0.97682655
,3178,0,0.97702104
,3179,0,0.9768288
,3180,0,0.9766632
,3181,0,0.96893847
,3182,1,0.95301527
,3183,1,0.9456555
,3184,0,0.96206975
,3185,0,0.9785026
,3186,1,0.9111795
,3187,1,0.9201772
,3188,0,0.9734139
,3189,0,0.9770231
,3190,0,0.97664267
,3191,1,0.91026163
,3192,1,0.9201494
,3193,0,0.97320676
,3194,1,0.9085647
,3195,0,0.97376704
,3196,0,0.9770279
,3197,0,0.97664803
,3198,1,0.9089164
,3199,0,0.9676285
,3200,0,0.9577491
,3201,0,0.9788687
,3202,0,0.97659904
,3203,0,0.97691303
,3204,0,0.9770223
,3205,0,0.97683924
,3206,0,0.97678024
,3207,1,0.9709143
,3208,0,0.97324055
,3209,0,0.9769342
,3210,0,0.976838
,3211,0,0.9769088
,3212,0,0.97677857
,3213,1,0.9712815
,3214,1,0.97484654
,3215,0,0.97316027
,3216,0,0.9769021
,3217,0,0.976722
,3218,1,0.9093229
,3219,0,0.9734235
,3220,0,0.97691333
,3221,0,0.97702557
,3222,0,0.976951
,3223,0,0.9768445
,3224,0,0.97702086
,3225,0,0.9768244
,3226,0,0.9946578
,3227,0,0.99470615
,3228,0,0.9767458
,3229,1,0.9093647
,3230,0,0.9731688
,3231,1,0.909318
,3232,0,0.9734229
,3233,0,0.9769066
,3234,0,0.97690785
,3235,0,0.97690743
,3236,0,0.97690743
,3237,0,0.97690755
,3238,0,0.9769097
,3239,0,0.97672236
,3240,1,0.90996337
,3241,1,0.9195266
,3242,0,0.9734875
,3243,1,0.90966785
,3244,0,0.973421
,3245,0,0.97690666
,3246,0,0.97691023
,3247,0,0.9767316
,3248,1,0.90856636
,3249,0,0.9737612
,3250,0,0.9767188
,3251,1,0.9095959
,3252,0,0.973421
,3253,0,0.9769068
,3254,0,0.9769146
,3255,0,0.97702235
,3256,0,0.97684336
,3257,0,0.977021
,3258,0,0.9768369
,3259,0,0.976913
,3260,0,0.9770237
,3261,0,0.9766601
,3262,1,0.90856975
,3263,0,0.9737669
,3264,0,0.9770267
,3265,0,0.9768378
,3266,0,0.97668517
,3267,1,0.7551237
,3268,0,0.964151
,3269,1,0.8627979
,3270,1,0.97088057
,3271,1,0.92059594
,3272,0,0.97341335
,3273,0,0.97678155
,3274,1,0.9709137
,3275,0,0.97323716
,3276,0,0.97682005
,3277,0,0.97691315
,3278,0,0.97702307
,3279,0,0.9766991
,3280,1,0.97081447
,3281,0,0.9736007
,3282,0,0.97692055
,3283,0,0.9770258
,3284,0,0.9769511
,3285,0,0.9768445
,3286,0,0.977021
,3287,0,0.9768368
,3288,0,0.97691303
,3289,0,0.97702366
,3290,0,0.97674024
,3291,1,0.9904883
,3292,0,0.97356015
,3293,0,0.97691476
,3294,0,0.97690815
,3295,0,0.97690755
,3296,0,0.9769092
,3297,0,0.9767669
,3298,1,0.9710162
,3299,0,0.973097
,3300,0,0.9767203
,3301,1,0.90930897
,3302,0,0.97332954
,3303,1,0.9967736
,3304,0,0.97282094
,3305,1,0.99057585
,3306,0,0.9729747
,3307,0,0.97690576
,3308,0,0.9768973
,3309,0,0.9740431
,3310,0,0.9673781
,3311,1,0.90897334
,3312,0,0.97308934
,3313,1,0.9169247
,3314,1,0.9822969
,3315,1,0.9190429
,3316,0,0.97363955
,3317,1,0.90886974
,3318,0,0.97373337
,3319,0,0.97152376
,3320,0,0.95774066
,3321,0,0.9788337
,3322,0,0.9771901
,3323,0,0.97694373
,3324,0,0.9768421
,3325,0,0.9770212
,3326,0,0.97684336
,3327,0,0.977021
,3328,0,0.9768366
,3329,0,0.9769063
,3330,0,0.9769092
,3331,0,0.97671443
,3332,1,0.9102544
,3333,1,0.9207591
,3334,1,0.9217806
,3335,1,0.9203144
,3336,0,0.9731866
,3337,1,0.90961325
,3338,0,0.97356147
,3339,0,0.9766345
,3340,1,0.9093268
,3341,0,0.9734232
,3342,0,0.97690666
,3343,0,0.9769101
,3344,0,0.9767245
,3345,1,0.90957326
,3346,1,0.99178064
,3347,0,0.97298735
,3348,0,0.97691315
,3349,0,0.97702444
,3350,0,0.97671187
,3351,1,0.9711608
,3352,1,0.9201018
,3353,0,0.97370875
,3354,0,0.9770269
,3355,0,0.9768364
,3356,0,0.9769062
,3357,0,0.9769077
,3358,0,0.97691417
,3359,0,0.9770252
,3360,0,0.9769538
,3361,0,0.9769519
,3362,0,0.9768179
,3363,0,0.97151697
,3364,0,0.957687
,3365,0,0.9724779
,3366,1,0.94142205
,3367,1,0.91962194
,3368,0,0.9729965
,3369,1,0.9096517
,3370,0,0.9734287
,3371,0,0.9770216
,3372,0,0.9768387
,3373,0,0.9767207
,3374,1,0.9092839
,3375,0,0.97356385
,3376,0,0.9766446
,3377,1,0.9085553
,3378,0,0.97390413
,3379,0,0.976938
,3380,0,0.976956
,3381,0,0.9769528
,3382,0,0.9769579
,3383,0,0.9767612
,3384,0,0.9631945
,3385,0,0.95990056
,3386,0,0.97876704
,3387,0,0.9768738
,3388,1,0.90962756
,3389,0,0.97342086
,3390,0,0.9769068
,3391,0,0.9769148
,3392,0,0.97702897
,3393,0,0.9769527
,3394,0,0.9766428
,3395,1,0.9100069
,3396,1,0.97493976
,3397,1,0.921517
,3398,0,0.9734904
,3399,1,0.9096288
,3400,0,0.9735619
,3401,0,0.97669446
,3402,1,0.97092384
,3403,0,0.97298324
,3404,1,0.9905757
,3405,0,0.9729747
,3406,0,0.9769058
,3407,0,0.97690815
,3408,0,0.9769144
,3409,0,0.97702897
,3410,0,0.97695184
,3411,0,0.97683746
,3412,0,0.9767233
,3413,1,0.9088404
,3414,0,0.9737647
,3415,0,0.9770259
,3416,0,0.9767936
,3417,0,0.99435896
,3418,1,0.51742536
,3419,1,0.9031639
,3420,1,0.78464836
,3421,0,0.9698211
,3422,1,0.95415485
,3423,1,0.9718158
,3424,0,0.96402115
,3425,1,0.907337
,3426,0,0.97340286
,3427,0,0.96330154
,3428,0,0.95395947
,3429,1,0.9545527
,3430,1,0.9394772
,3431,1,0.92144334
,3432,1,0.97781414
,3433,0,0.9635622
,3434,1,0.90767163
,3435,0,0.9738888
,3436,0,0.9769728
,3437,0,0.9765643
,3438,1,0.75175
,3439,0,0.97041345
,3440,1,0.9542888
,3441,1,0.91889745
,3442,0,0.9738296
,3443,0,0.9767642
,3444,1,0.9743661
,3445,0,0.96366066
,3446,1,0.96681696
,3447,0,0.97301054
,3448,0,0.97151977
,3449,0,0.9574012
,3450,1,0.9074487
,3451,0,0.9740296
,3452,0,0.9769266
,3453,0,0.97682494
,3454,0,0.97650427
,3455,0,0.96329033
,3456,0,0.95934963
,3457,1,0.7583641
,3458,0,0.9649593
,3459,0,0.9789028
,3460,0,0.976411
,3461,1,0.9093195
,3462,0,0.97317183
,3463,1,0.91897553
,3464,0,0.96305335
,3465,1,0.90730023
,3466,0,0.97402686
,3467,0,0.976946
,3468,0,0.97683495
,3469,0,0.9769129
,3470,0,0.9770223
,3471,0,0.97684336
,3472,0,0.9770211
,3473,0,0.9768433
,3474,0,0.9770004
,3475,0,0.97143453
,3476,0,0.95738196
,3477,1,0.9087355
,3478,1,0.9745207
,3479,1,0.92085415
,3480,0,0.9695948
,3481,1,0.9577533
,3482,1,0.9796925
,3483,1,0.9716273
,3484,0,0.9667378
,3485,0,0.95751876
,3486,1,0.9674418
,3487,0,0.96400255
,3488,1,0.90835714
,3489,0,0.97316736
,3490,0,0.96303606
,3491,0,0.94553405
,3492,1,0.9635508
,3493,1,0.9473805
,3494,1,0.9193943
,3495,0,0.9733768
,3496,0,0.9766776
,3497,1,0.97100234
,3498,0,0.97323555
,3499,0,0.97681075
,3500,0,0.97360075
,3501,1,0.95415276
,3502,1,0.97099376
,3503,0,0.9737993
,3504,0,0.97690684
,3505,0,0.971457
,3506,0,0.95754427
,3507,1,0.90783364
,3508,0,0.9740296
,3509,0,0.97692686
,3510,0,0.97683793
,3511,0,0.976908
,3512,0,0.97672
,3513,1,0.908838
,3514,0,0.97376794
,3515,0,0.9770268
,3516,0,0.9768365
,3517,0,0.9769083
,3518,0,0.97672164
,3519,1,0.9093117
,3520,0,0.9732023
,3521,1,0.9103332
,3522,1,0.9211317
,3523,0,0.97339714
,3524,0,0.97690713
,3525,0,0.97690934
,3526,0,0.9767072
,3527,1,0.75165516
,3528,0,0.9741004
,3529,0,0.9715209
,3530,0,0.95737094
,3531,1,0.91016877
,3532,0,0.9666854
,3533,1,0.7515305
,3534,0,0.96404105
,3535,1,0.91108745
,3536,0,0.96418136
,3537,1,0.9088524
,3538,1,0.92234534
,3539,1,0.7827901
,3540,0,0.9737929
,3541,1,0.9189652
,3542,0,0.9629876
,3543,1,0.7547722
,3544,0,0.9739201
,3545,0,0.9714169
,3546,0,0.95736945
,3547,1,0.908765
,3548,0,0.9733853
,3549,0,0.9768273
,3550,0,0.9770211
,3551,0,0.9768367
,3552,0,0.97690624
,3553,0,0.97690743
,3554,0,0.97690743
,3555,0,0.97690743
,3556,0,0.97688776
,3557,0,0.97152156
,3558,0,0.95737904
,3559,1,0.9088093
,3560,0,0.9730241
,3561,1,0.90967274
,3562,0,0.97318083
,3563,1,0.90932095
,3564,0,0.9734232
,3565,0,0.9769068
,3566,0,0.9769146
,3567,0,0.97701937
,3568,0,0.9766061
,3569,0,0.9765382
,3570,0,0.97690356
,3571,0,0.97689664
,3572,0,0.9769134
,3573,0,0.97683114
,3574,0,0.96319634
,3575,0,0.95990044
,3576,0,0.97877276
,3577,0,0.9771847
,3578,0,0.9768353
,3579,0,0.9770277
,3580,0,0.97695476
,3581,0,0.97694963
,3582,0,0.9768378
,3583,0,0.97690034
,3584,0,0.99468666
,3585,0,0.97705185
,3586,0,0.976953
,3587,0,0.9766473
,3588,1,0.9088187
,3589,0,0.9739029
,3590,0,0.9766795
,3591,1,0.97080815
,3592,0,0.9734528
,3593,1,0.9708366
,3594,0,0.9737416
,3595,0,0.97681516
,3596,0,0.9767189
,3597,1,0.90883917
,3598,0,0.97374785
,3599,0,0.9949695
,3600,0,0.5596617
,3601,1,0.532186
,3602,1,0.9157238
,3603,0,0.97340435
,3604,0,0.97690666
,3605,0,0.97690785
,3606,0,0.9769063
,3607,0,0.97657144
,3608,0,0.97571784
,3609,1,0.9114017
,3610,1,0.84933764
,3611,0,0.9614099
,3612,1,0.90973467
,3613,0,0.97297716
,3614,1,0.9092702
,3615,0,0.96987987
,3616,1,0.98546976
,3617,1,0.92146426
,3618,0,0.96695584
,3619,0,0.95162773
,3620,1,0.95366293
,3621,1,0.9232237
,3622,0,0.96414673
,3623,1,0.9084676
,3624,0,0.9669896
,3625,0,0.9516378
,3626,1,0.9534951
,3627,1,0.92123497
,3628,0,0.97296256
,3629,1,0.91897523
,3630,0,0.9630029
,3631,1,0.9104776
,3632,0,0.95733
,3633,0,0.95972973
,3634,1,0.75504273
,3635,0,0.9738048
,3636,0,0.9769062
,3637,0,0.9769145
,3638,0,0.9770162
,3639,0,0.976435
,3640,0,0.9632878
,3641,0,0.9594198
,3642,1,0.90770733
,3643,0,0.9738829
,3644,0,0.9769171
,3645,0,0.9767081
,3646,1,0.75161827
,3647,0,0.9739716
,3648,1,0.97430015
,3649,0,0.9586481
,3650,1,0.9536407
,3651,1,0.92123276
,3652,0,0.9572983
,3653,0,0.9597432
,3654,1,0.758323
,3655,0,0.9646634
,3656,1,0.910733
,3657,0,0.96421915
,3658,1,0.9073911
,3659,0,0.97388434
,3660,0,0.97673005
,3661,1,0.9093073
,3662,0,0.97320396
,3663,1,0.9102882
,3664,1,0.91951555
,3665,0,0.9735
,3666,1,0.90996885
,3667,1,0.9201306
,3668,0,0.9735474
,3669,0,0.97670263
,3670,1,0.9707121
,3671,0,0.9737408
,3672,0,0.976942
,3673,0,0.97684485
,3674,0,0.977024
,3675,0,0.9769523
,3676,0,0.9766985
,3677,1,0.9711354
,3678,1,0.9917615
,3679,1,0.99179584
,3680,1,0.9744965
,3681,0,0.9737367
,3682,0,0.97694266
,3683,0,0.97684157
,3684,0,0.9770239
,3685,0,0.97695386
,3686,0,0.9769531
,3687,0,0.97664964
,3688,1,0.9088373
,3689,0,0.9737263
,3690,0,0.9758375
